santos_ID,abbreviated_santos_ID,primary_ID,alias_ID,sanger_ID,sex,generation,collection_date,camera,photo_set_up,collection_notes,standard_length,eggpot_number,eggspot_number_theis,eggspot_species_skew,eggspot_spinyrays,phenotype_notes,cram_path
AA01,,2021cicX11218795,fAulAsc1,SAN23000693,M,F2,201812,George Canon,1,,58.3,3,2.5,0,,,/rds/project/rds-8b3VcZwY7rY/projects/cichlid/alignments/DURB_000005-LabCichlids/X_AsAc/AA01/fAstCal1.2/2021cicX11218795.mem.crumble.cram
AA02,,2021cicX11218796,fAulAsc2,SAN23000694,M,F2,201812,George Canon,1,,62,7,7,1,,,/rds/project/rds-8b3VcZwY7rY/projects/cichlid/alignments/DURB_000005-LabCichlids/X_AsAc/AA02/fAstCal1.2/2021cicX11218796.mem.crumble.cram
AA03,,2021cicX11218797,fAulAsc3,SAN23000695,M,F2,201812,George Canon,1,,58.9,10,10,1,,,/rds/project/rds-8b3VcZwY7rY/projects/cichlid/alignments/DURB_000005-LabCichlids/X_AsAc/AA03/fAstCal1.2/2021cicX11218797.mem.crumble.cram
AA04,,2021cicX11218798,fAulAsc4,SAN23000696,M,F2,201812,George Canon,1,,68.7,7,6.5,NA,,,/rds/project/rds-8b3VcZwY7rY/projects/cichlid/alignments/DURB_000005-LabCichlids/X_AsAc/AA04/fAstCal1.2/2021cicX11218798.mem.crumble.cram
AA05,,2021cicX11218799,fAulAsc5,SAN23000697,M,F2,201812,George Canon,1,,54.7,4,3.5,NA,,,/rds/project/rds-8b3VcZwY7rY/projects/cichlid/alignments/DURB_000005-LabCichlids/X_AsAc/AA05/fAstCal1.2/2021cicX11218799.mem.crumble.cram
AA06,,2021cicX11218800,fAulAsc6,SAN23000698,M,F2,201812,George Canon,1,,58.8,5,4.5,0,,,/rds/project/rds-8b3VcZwY7rY/projects/cichlid/alignments/DURB_000005-LabCichlids/X_AsAc/AA06/fAstCal1.2/2021cicX11218800.mem.crumble.cram
AA07,,2021cicX11218801,fAulAsc7,SAN23000699,M,F2,201812,George Canon,1,,54,5,4.5,NA,,,/rds/project/rds-8b3VcZwY7rY/projects/cichlid/alignments/DURB_000005-LabCichlids/X_AsAc/AA07/fAstCal1.2/2021cicX11218801.mem.crumble.cram
AA08,,2021cicX11218802,fAulAsc8,SAN23000700,M,F2,201812,George Canon,1,,59.7,3,3,0,1,,/rds/project/rds-8b3VcZwY7rY/projects/cichlid/alignments/DURB_000005-LabCichlids/X_AsAc/AA08/fAstCal1.2/2021cicX11218802.mem.crumble.cram
AA09,,2021cicX11218803,fAulAsc9,SAN23000701,M,F2,201812,George Canon,1,,53.8,1,1,NA,0,,/rds/project/rds-8b3VcZwY7rY/projects/cichlid/alignments/DURB_000005-LabCichlids/X_AsAc/AA09/fAstCal1.2/2021cicX11218803.mem.crumble.cram
AA10,,2021cicX11218804,fAulAsc10,SAN23000702,M,F2,201812,George Canon,1,,53.7,3,2.5,0,0,,/rds/project/rds-8b3VcZwY7rY/projects/cichlid/alignments/DURB_000005-LabCichlids/X_AsAc/AA10/fAstCal1.2/2021cicX11218804.mem.crumble.cram
AA11,,2021cicX11218805,fAulAsc11,SAN23000703,M,F2,201903,George Canon,2,,52.8,4,3.5,0,0,,/rds/project/rds-8b3VcZwY7rY/projects/cichlid/alignments/DURB_000005-LabCichlids/X_AsAc/AA11/fAstCal1.2/2021cicX11218805.mem.crumble.cram
AA12,,2021cicX11218806,fAulAsc12,SAN23000704,M,F2,201903,George Canon,2,,56.8,4,3.5,0,0,,/rds/project/rds-8b3VcZwY7rY/projects/cichlid/alignments/DURB_000005-LabCichlids/X_AsAc/AA12/fAstCal1.2/2021cicX11218806.mem.crumble.cram
AA13,,2021cicX11218807,fAulAsc13,SAN23000705,M,F2,201903,George Canon,2,,52.6,3,2.5,0,0,,/rds/project/rds-8b3VcZwY7rY/projects/cichlid/alignments/DURB_000005-LabCichlids/X_AsAc/AA13/fAstCal1.2/2021cicX11218807.mem.crumble.cram
AA14,,2021cicX11218808,fAulAsc14,SAN23000706,M,F2,201903,George Canon,2,,59.3,3,2.5,NA,0,,/rds/project/rds-8b3VcZwY7rY/projects/cichlid/alignments/DURB_000005-LabCichlids/X_AsAc/AA14/fAstCal1.2/2021cicX11218808.mem.crumble.cram
AA15,,2021cicX11218809,fAulAsc15,SAN23000707,M,F2,201903,George Canon,2,,59.8,1,0.5,NA,0,tropheops - only half a spot,/rds/project/rds-8b3VcZwY7rY/projects/cichlid/alignments/DURB_000005-LabCichlids/X_AsAc/AA15/fAstCal1.2/2021cicX11218809.mem.crumble.cram
AA16,,2021cicX11218810,fAulAsc16,SAN23000708,M,F2,201903,George Canon,2,,60.6,11,10,1,0,,/rds/project/rds-8b3VcZwY7rY/projects/cichlid/alignments/DURB_000005-LabCichlids/X_AsAc/AA16/fAstCal1.2/2021cicX11218810.mem.crumble.cram
AA17,,2021cicX11218811,fAulAsc17,SAN23000709,M,F2,201903,George Canon,2,,65.2,6,5,0,0,,/rds/project/rds-8b3VcZwY7rY/projects/cichlid/alignments/DURB_000005-LabCichlids/X_AsAc/AA17/fAstCal1.2/2021cicX11218811.mem.crumble.cram
AA18,,2021cicX11218812,fAulAsc18,SAN23000710,M,F2,201903,George Canon,2,,64.5,6,5,0,0,,/rds/project/rds-8b3VcZwY7rY/projects/cichlid/alignments/DURB_000005-LabCichlids/X_AsAc/AA18/fAstCal1.2/2021cicX11218812.mem.crumble.cram
AA19,,2021cicX11218813,fAulAsc19,SAN23000711,M,F2,201903,George Canon,2,,64.7,4,3,0,0,,/rds/project/rds-8b3VcZwY7rY/projects/cichlid/alignments/DURB_000005-LabCichlids/X_AsAc/AA19/fAstCal1.2/2021cicX11218813.mem.crumble.cram
AA20,,2021cicX11218814,fAulAsc20,SAN23000712,M,F2,201903,George Canon,2,,56.4,5,4,0,NA,,/rds/project/rds-8b3VcZwY7rY/projects/cichlid/alignments/DURB_000005-LabCichlids/X_AsAc/AA20/fAstCal1.2/2021cicX11218814.mem.crumble.cram
AA21,,2021cicX11218815,fAulAsc21,SAN23000713,M,F2,201903,George Canon,2,,69.6,3,3,0,0,,/rds/project/rds-8b3VcZwY7rY/projects/cichlid/alignments/DURB_000005-LabCichlids/X_AsAc/AA21/fAstCal1.2/2021cicX11218815.mem.crumble.cram
AA22,,2021cicX11218816,fAulAsc22,SAN23000714,M,F2,201903,George Canon,2,,59.5,4,4,0,0,,/rds/project/rds-8b3VcZwY7rY/projects/cichlid/alignments/DURB_000005-LabCichlids/X_AsAc/AA22/fAstCal1.2/2021cicX11218816.mem.crumble.cram
AA23,,2021cicX11218817,fAulAsc23,SAN23000715,M,F2,201909,George Canon,3,,75.4,6,5,NA,0,,/rds/project/rds-8b3VcZwY7rY/projects/cichlid/alignments/DURB_000005-LabCichlids/X_AsAc/AA23/fAstCal1.2/2021cicX11218817.mem.crumble.cram
AA24,,2021cicX11218818,fAulAsc24,SAN23000716,M,F2,201909,George Canon,3,,58,5,3,NA,0,,/rds/project/rds-8b3VcZwY7rY/projects/cichlid/alignments/DURB_000005-LabCichlids/X_AsAc/AA24/fAstCal1.2/2021cicX11218818.mem.crumble.cram
AA25,,2021cicX11218819,fAulAsc25,SAN23000717,M,F2,201909,George Canon,3,,74.2,9,8,1,1,,/rds/project/rds-8b3VcZwY7rY/projects/cichlid/alignments/DURB_000005-LabCichlids/X_AsAc/AA25/fAstCal1.2/2021cicX11218819.mem.crumble.cram
AA26,,2021cicX11218820,fAulAsc26,SAN23000718,M,F2,201909,George Canon,3,,79,5,5,1,0,,/rds/project/rds-8b3VcZwY7rY/projects/cichlid/alignments/DURB_000005-LabCichlids/X_AsAc/AA26/fAstCal1.2/2021cicX11218820.mem.crumble.cram
AA27,,2021cicX11218821,fAulAsc27,SAN23000719,M,F2,201909,George Canon,3,,76.8,6,5.5,0,0,,/rds/project/rds-8b3VcZwY7rY/projects/cichlid/alignments/DURB_000005-LabCichlids/X_AsAc/AA27/fAstCal1.2/2021cicX11218821.mem.crumble.cram
AA28,,2021cicX11218822,fAulAsc28,SAN23000720,M,F2,201909,George Canon,3,,67.1,4,4,NA,0,,/rds/project/rds-8b3VcZwY7rY/projects/cichlid/alignments/DURB_000005-LabCichlids/X_AsAc/AA28/fAstCal1.2/2021cicX11218822.mem.crumble.cram
AA29,,2021cicX11218823,fAulAsc29,SAN23000721,M,F2,201909,George Canon,3,,63,2,1.5,NA,0,,/rds/project/rds-8b3VcZwY7rY/projects/cichlid/alignments/DURB_000005-LabCichlids/X_AsAc/AA29/fAstCal1.2/2021cicX11218823.mem.crumble.cram
AA30,,2021cicX11218824,fAulAsc30,SAN23000722,M,F2,201909,George Canon,3,,62.8,10,7.5,NA,0,,/rds/project/rds-8b3VcZwY7rY/projects/cichlid/alignments/DURB_000005-LabCichlids/X_AsAc/AA30/fAstCal1.2/2021cicX11218824.mem.crumble.cram
AA31,,2021cicX11218825,fAulAsc31,SAN23000723,M,F2,201909,George Canon,3,,64.7,5,4.5,NA,1,,/rds/project/rds-8b3VcZwY7rY/projects/cichlid/alignments/DURB_000005-LabCichlids/X_AsAc/AA31/fAstCal1.2/2021cicX11218825.mem.crumble.cram
AA32,,2021cicX11218826,fAulAsc32,SAN23000724,M,F2,201909,George Canon,3,,62.6,5,4,0,0,,/rds/project/rds-8b3VcZwY7rY/projects/cichlid/alignments/DURB_000005-LabCichlids/X_AsAc/AA32/fAstCal1.2/2021cicX11218826.mem.crumble.cram
AA33,,2021cicX11218827,fAulAsc33,SAN23000725,M,F2,201909,George Canon,3,,61.2,4,3.5,0,1,,/rds/project/rds-8b3VcZwY7rY/projects/cichlid/alignments/DURB_000005-LabCichlids/X_AsAc/AA33/fAstCal1.2/2021cicX11218827.mem.crumble.cram
AA34,,2021cicX11218828,fAulAsc34,SAN23000726,M,F2,201909,George Canon,3,,63,7,6,NA,1,,/rds/project/rds-8b3VcZwY7rY/projects/cichlid/alignments/DURB_000005-LabCichlids/X_AsAc/AA34/fAstCal1.2/2021cicX11218828.mem.crumble.cram
AA35,,2021cicX11218829,fAulAsc35,SAN23000727,M,F2,201909,George Canon,3,,64.6,7,5,NA,1,,/rds/project/rds-8b3VcZwY7rY/projects/cichlid/alignments/DURB_000005-LabCichlids/X_AsAc/AA35/fAstCal1.2/2021cicX11218829.mem.crumble.cram
AA36,,2021cicX11218830,fAulAsc36,SAN23000728,M,F2,201909,George Canon,3,,72.4,7,5.5,NA,0,,/rds/project/rds-8b3VcZwY7rY/projects/cichlid/alignments/DURB_000005-LabCichlids/X_AsAc/AA36/fAstCal1.2/2021cicX11218830.mem.crumble.cram
AA37,,2021cicX11218831,fAulAsc37,SAN23000729,M,F2,201909,George Canon,3,,67.1,10,9,1,1,,/rds/project/rds-8b3VcZwY7rY/projects/cichlid/alignments/DURB_000005-LabCichlids/X_AsAc/AA37/fAstCal1.2/2021cicX11218831.mem.crumble.cram
AA38,,2021cicX11218832,fAulAsc38,SAN23000730,M,F2,201909,George Canon,3,,75,5,5,NA,0,,/rds/project/rds-8b3VcZwY7rY/projects/cichlid/alignments/DURB_000005-LabCichlids/X_AsAc/AA38/fAstCal1.2/2021cicX11218832.mem.crumble.cram
AA39,,2021cicX11218833,fAulAsc39,SAN23000731,M,F2,201909,George Canon,3,,59.7,6,4.5,NA,0,,/rds/project/rds-8b3VcZwY7rY/projects/cichlid/alignments/DURB_000005-LabCichlids/X_AsAc/AA39/fAstCal1.2/2021cicX11218833.mem.crumble.cram
AA40,,2021cicX11218834,fAulAsc40,SAN23000732,M,F2,201909,George Canon,3,,59.2,2,1.5,NA,0,,/rds/project/rds-8b3VcZwY7rY/projects/cichlid/alignments/DURB_000005-LabCichlids/X_AsAc/AA40/fAstCal1.2/2021cicX11218834.mem.crumble.cram
AA41,,2021cicX11218835,fAulAsc41,SAN23000733,M,F2,202010,Sonya6600_SEL30M35,4,,74.6,12,10,1,1,,/rds/project/rds-8b3VcZwY7rY/projects/cichlid/alignments/DURB_000005-LabCichlids/X_AsAc/AA41/fAstCal1.2/2021cicX11218835.mem.crumble.cram
AA42,,2021cicX11218836,fAulAsc42,SAN23000734,M,F2,202010,Sonya6600_SEL30M35,4,,69,4,3.5,0,0,,/rds/project/rds-8b3VcZwY7rY/projects/cichlid/alignments/DURB_000005-LabCichlids/X_AsAc/AA42/fAstCal1.2/2021cicX11218836.mem.crumble.cram
AA43,,2021cicX11218837,fAulAsc43,SAN23000735,M,F2,202010,Sonya6600_SEL30M35,4,,76.6,13,10.5,1,0,,/rds/project/rds-8b3VcZwY7rY/projects/cichlid/alignments/DURB_000005-LabCichlids/X_AsAc/AA43/fAstCal1.2/2021cicX11218837.mem.crumble.cram
AA44,,2021cicX11218838,fAulAsc44,SAN23000736,M,F2,202010,Sonya6600_SEL30M35,4,,73.9,11,9.5,1,0,,/rds/project/rds-8b3VcZwY7rY/projects/cichlid/alignments/DURB_000005-LabCichlids/X_AsAc/AA44/fAstCal1.2/2021cicX11218838.mem.crumble.cram
AA45,,2021cicX11218839,fAulAsc45,SAN23000737,M,F2,202010,Sonya6600_SEL30M35,4,,66.9,5,4,NA,0,,/rds/project/rds-8b3VcZwY7rY/projects/cichlid/alignments/DURB_000005-LabCichlids/X_AsAc/AA45/fAstCal1.2/2021cicX11218839.mem.crumble.cram
AA46,,2021cicX11218840,fAulAsc46,SAN23000738,M,F2,202010,Sonya6600_SEL30M35,4,,66.9,4,3,0,0,,/rds/project/rds-8b3VcZwY7rY/projects/cichlid/alignments/DURB_000005-LabCichlids/X_AsAc/AA46/fAstCal1.2/2021cicX11218840.mem.crumble.cram
AA47,,2021cicX11218841,fAulAsc47,SAN23000739,M,F2,202010,Sonya6600_SEL30M35,4,,73.8,7,5.5,NA,0,,/rds/project/rds-8b3VcZwY7rY/projects/cichlid/alignments/DURB_000005-LabCichlids/X_AsAc/AA47/fAstCal1.2/2021cicX11218841.mem.crumble.cram
AA48,,2021cicX11218842,fAulAsc48,SAN23000740,M,F2,202010,Sonya6600_SEL30M35,4,,74.9,10,9,1,1,,/rds/project/rds-8b3VcZwY7rY/projects/cichlid/alignments/DURB_000005-LabCichlids/X_AsAc/AA48/fAstCal1.2/2021cicX11218842.mem.crumble.cram
AA49,,2021cicX11218843,fAulAsc49,SAN23000741,M,F2,202010,Sonya6600_SEL30M35,4,,69.1,5,4.5,NA,1,,/rds/project/rds-8b3VcZwY7rY/projects/cichlid/alignments/DURB_000005-LabCichlids/X_AsAc/AA49/fAstCal1.2/2021cicX11218843.mem.crumble.cram
AA50,,2021cicX11218844,fAulAsc50,SAN23000742,M,F2,202010,Sonya6600_SEL30M35,4,,74.1,4,3,1,0,,/rds/project/rds-8b3VcZwY7rY/projects/cichlid/alignments/DURB_000005-LabCichlids/X_AsAc/AA50/fAstCal1.2/2021cicX11218844.mem.crumble.cram
AA51,,2021cicX11218845,fAulAsc51,SAN23000743,M,F2,202010,Sonya6600_SEL30M35,4,,71.4,10,7,1,1,,/rds/project/rds-8b3VcZwY7rY/projects/cichlid/alignments/DURB_000005-LabCichlids/X_AsAc/AA51/fAstCal1.2/2021cicX11218845.mem.crumble.cram
AA52,,2021cicX11218846,fAulAsc52,SAN23000744,M,F2,202010,Sonya6600_SEL30M35,4,,75.6,7,6.5,NA,1,,/rds/project/rds-8b3VcZwY7rY/projects/cichlid/alignments/DURB_000005-LabCichlids/X_AsAc/AA52/fAstCal1.2/2021cicX11218846.mem.crumble.cram
AA53,,2021cicX11218847,fAulAsc53,SAN23000745,M,F2,202010,Sonya6600_SEL30M35,4,,76,3,3,0,1,,/rds/project/rds-8b3VcZwY7rY/projects/cichlid/alignments/DURB_000005-LabCichlids/X_AsAc/AA53/fAstCal1.2/2021cicX11218847.mem.crumble.cram
AA54,,2021cicX11218848,fAulAsc54,SAN23000746,M,F2,202010,Sonya6600_SEL30M35,4,,69.2,4,4,NA,0,,/rds/project/rds-8b3VcZwY7rY/projects/cichlid/alignments/DURB_000005-LabCichlids/X_AsAc/AA54/fAstCal1.2/2021cicX11218848.mem.crumble.cram
AA55,,2021cicX11218849,fAulAsc55,SAN23000747,M,F2,202010,Sonya6600_SEL30M35,4,,72.9,8,7,NA,1,,/rds/project/rds-8b3VcZwY7rY/projects/cichlid/alignments/DURB_000005-LabCichlids/X_AsAc/AA55/fAstCal1.2/2021cicX11218849.mem.crumble.cram
AA56,,2021cicX11218850,fAulAsc56,SAN23000748,M,F2,202010,Sonya6600_SEL30M35,4,,69.9,3,3,NA,0,,/rds/project/rds-8b3VcZwY7rY/projects/cichlid/alignments/DURB_000005-LabCichlids/X_AsAc/AA56/fAstCal1.2/2021cicX11218850.mem.crumble.cram
AA57,,2021cicX11218851,fAulAsc57,SAN23000749,M,F2,202010,Sonya6600_SEL30M35,4,,72.9,3,2.5,0,0,,/rds/project/rds-8b3VcZwY7rY/projects/cichlid/alignments/DURB_000005-LabCichlids/X_AsAc/AA57/fAstCal1.2/2021cicX11218851.mem.crumble.cram
AA58,,2021cicX11218852,fAulAsc58,SAN23000750,M,F2,202010,Sonya6600_SEL30M35,4,,75.3,9,9,1,NA,,/rds/project/rds-8b3VcZwY7rY/projects/cichlid/alignments/DURB_000005-LabCichlids/X_AsAc/AA58/fAstCal1.2/2021cicX11218852.mem.crumble.cram
AA59,,2021cicX11218853,fAulAsc59,SAN23000751,M,F2,202010,Sonya6600_SEL30M35,4,,84.2,4,3.5,0,0,,/rds/project/rds-8b3VcZwY7rY/projects/cichlid/alignments/DURB_000005-LabCichlids/X_AsAc/AA59/fAstCal1.2/2021cicX11218853.mem.crumble.cram
AA60a,,2021cicX11218854,fAulAsc60,SAN23000752,M,F2,202010,Sonya6600_SEL30M35,4,,76,6,5.5,NA,0,,/rds/project/rds-8b3VcZwY7rY/projects/cichlid/alignments/DURB_000005-LabCichlids/X_AsAc/AA60a/fAstCal1.2/2021cicX11218854.mem.crumble.cram
AA60b,,2021cicX11218855,fAulAsc61,SAN23000753,M,F2,202010,Sonya6600_SEL30M35,4,,75.3,7,7,NA,0,,/rds/project/rds-8b3VcZwY7rY/projects/cichlid/alignments/DURB_000005-LabCichlids/X_AsAc/AA60b/fAstCal1.2/2021cicX11218855.mem.crumble.cram
AA61,,2021cicX11218856,fAulAsc62,SAN23000754,M,F2,202010,Sonya6600_SEL30M35,4,,75.1,3,3,0,0,,/rds/project/rds-8b3VcZwY7rY/projects/cichlid/alignments/DURB_000005-LabCichlids/X_AsAc/AA61/fAstCal1.2/2021cicX11218856.mem.crumble.cram
AA62,,2021cicX11218857,fAulAsc63,SAN23000755,M,F3,202010,Sonya6600_SEL30M35,4,,73.4,7,5.5,NA,1,,/rds/project/rds-8b3VcZwY7rY/projects/cichlid/alignments/DURB_000005-LabCichlids/X_AsAc/AA62/fAstCal1.2/2021cicX11218857.mem.crumble.cram
AA63,,2021cicX11218858,fAulAsc64,SAN23000756,M,F2,202010,Sonya6600_SEL30M35,4,,77.2,12,11,1,NA,,/rds/project/rds-8b3VcZwY7rY/projects/cichlid/alignments/DURB_000005-LabCichlids/X_AsAc/AA63/fAstCal1.2/2021cicX11218858.mem.crumble.cram
AA64,,2021cicX11218859,fAulAsc65,SAN23000757,M,F3,202104,Sonya6600_SEL30M35,4,,75.9,2,2,0,0,,/rds/project/rds-8b3VcZwY7rY/projects/cichlid/alignments/DURB_000005-LabCichlids/X_AsAc/AA64/fAstCal1.2/2021cicX11218859.mem.crumble.cram
AA65,,2021cicX11218860,fAulAsc66,SAN23000758,M,F3,202104,Sonya6600_SEL30M35,4,,70.1,4,4,0,0,,/rds/project/rds-8b3VcZwY7rY/projects/cichlid/alignments/DURB_000005-LabCichlids/X_AsAc/AA65/fAstCal1.2/2021cicX11218860.mem.crumble.cram
AA66,,2021cicX11218861,fAulAsc67,SAN23000759,M,F3,202104,Sonya6600_SEL30M35,4,,76.9,1,1,NA,0,,/rds/project/rds-8b3VcZwY7rY/projects/cichlid/alignments/DURB_000005-LabCichlids/X_AsAc/AA66/fAstCal1.2/2021cicX11218861.mem.crumble.cram
AA67,,2021cicX11218862,fAulAsc68,SAN23000760,M,F3,202104,Sonya6600_SEL30M35,4,,71.9,2,1.5,NA,0,,/rds/project/rds-8b3VcZwY7rY/projects/cichlid/alignments/DURB_000005-LabCichlids/X_AsAc/AA67/fAstCal1.2/2021cicX11218862.mem.crumble.cram
AA68,,2021cicX11218863,fAulAsc69,SAN23000761,M,F3,202104,Sonya6600_SEL30M35,4,,72.6,4,3.5,0,0,,/rds/project/rds-8b3VcZwY7rY/projects/cichlid/alignments/DURB_000005-LabCichlids/X_AsAc/AA68/fAstCal1.2/2021cicX11218863.mem.crumble.cram
AA69,,2021cicX11218864,fAulAsc70,SAN23000762,M,F3,202104,Sonya6600_SEL30M35,4,,68.6,2,1.5,NA,0,,/rds/project/rds-8b3VcZwY7rY/projects/cichlid/alignments/DURB_000005-LabCichlids/X_AsAc/AA69/fAstCal1.2/2021cicX11218864.mem.crumble.cram
AA70,,2021cicX11218865,fAulAsc71,SAN23000763,M,F2,202104,Sonya6600_SEL30M35,4,,79.4,5,5,0,0,,/rds/project/rds-8b3VcZwY7rY/projects/cichlid/alignments/DURB_000005-LabCichlids/X_AsAc/AA70/fAstCal1.2/2021cicX11218865.mem.crumble.cram
AA71,,2021cicX11218866,fAulAsc72,SAN23000764,M,F2,202104,Sonya6600_SEL30M35,4,,75.4,5,4,1,NA,,/rds/project/rds-8b3VcZwY7rY/projects/cichlid/alignments/DURB_000005-LabCichlids/X_AsAc/AA71/fAstCal1.2/2021cicX11218866.mem.crumble.cram
AA72,,2021cicX11218867,fAulAsc73,SAN23000765,M,F2,202104,Sonya6600_SEL30M35,4,,73,5,5,NA,0,,/rds/project/rds-8b3VcZwY7rY/projects/cichlid/alignments/DURB_000005-LabCichlids/X_AsAc/AA72/fAstCal1.2/2021cicX11218867.mem.crumble.cram
AA73,,2021cicX11218868,fAulAsc74,SAN23000766,M,F2,202104,Sonya6600_SEL30M35,4,,70.6,7,6.5,1,0,,/rds/project/rds-8b3VcZwY7rY/projects/cichlid/alignments/DURB_000005-LabCichlids/X_AsAc/AA73/fAstCal1.2/2021cicX11218868.mem.crumble.cram
AA74,,2021cicX11218869,fAulAsc75,SAN23000767,M,F2,202104,Sonya6600_SEL30M35,4,,70.2,3,2.5,NA,0,,/rds/project/rds-8b3VcZwY7rY/projects/cichlid/alignments/DURB_000005-LabCichlids/X_AsAc/AA74/fAstCal1.2/2021cicX11218869.mem.crumble.cram
AA75,,2021cicX11218870,fAulAsc76,SAN23000768,M,F2,202104,Sonya6600_SEL30M35,4,,76.3,4,3.5,1,0,,/rds/project/rds-8b3VcZwY7rY/projects/cichlid/alignments/DURB_000005-LabCichlids/X_AsAc/AA75/fAstCal1.2/2021cicX11218870.mem.crumble.cram
AA76,,2021cicX11218871,fAulAsc77,SAN23000769,M,F2,202104,Sonya6600_SEL30M35,4,,78.7,10,9,NA,0,,/rds/project/rds-8b3VcZwY7rY/projects/cichlid/alignments/DURB_000005-LabCichlids/X_AsAc/AA76/fAstCal1.2/2021cicX11218871.mem.crumble.cram
AA77,,2021cicX11218872,fAulAsc78,SAN23000770,M,F2,202104,Sonya6600_SEL30M35,4,,74.8,3,3,0,0,,/rds/project/rds-8b3VcZwY7rY/projects/cichlid/alignments/DURB_000005-LabCichlids/X_AsAc/AA77/fAstCal1.2/2021cicX11218872.mem.crumble.cram
AA78,,2021cicX11218873,fAulAsc79,SAN23000771,M,F2,202104,Sonya6600_SEL30M35,4,,80.8,3,3,NA,0,,/rds/project/rds-8b3VcZwY7rY/projects/cichlid/alignments/DURB_000005-LabCichlids/X_AsAc/AA78/fAstCal1.2/2021cicX11218873.mem.crumble.cram
AA79,,2021cicX11218874,fAulAsc80,SAN23000772,M,F2,202104,Sonya6600_SEL30M35,4,,83.5,5,5,NA,0,,/rds/project/rds-8b3VcZwY7rY/projects/cichlid/alignments/DURB_000005-LabCichlids/X_AsAc/AA79/fAstCal1.2/2021cicX11218874.mem.crumble.cram
AA80,,2021cicX11218875,fAulAsc81,SAN23000773,M,F2,202104,Sonya6600_SEL30M35,4,,82.5,10,9.5,1,NA,,/rds/project/rds-8b3VcZwY7rY/projects/cichlid/alignments/DURB_000005-LabCichlids/X_AsAc/AA80/fAstCal1.2/2021cicX11218875.mem.crumble.cram
AA81,,2021cicX11218876,fAulAsc82,SAN23000774,M,F2,202104,Sonya6600_SEL30M35,4,,81.1,4,4,NA,NA,,/rds/project/rds-8b3VcZwY7rY/projects/cichlid/alignments/DURB_000005-LabCichlids/X_AsAc/AA81/fAstCal1.2/2021cicX11218876.mem.crumble.cram
AA82,,2021cicX11218877,fAulAsc83,SAN23000775,M,F2,202104,Sonya6600_SEL30M35,4,,73.9,8,7,NA,1,,/rds/project/rds-8b3VcZwY7rY/projects/cichlid/alignments/DURB_000005-LabCichlids/X_AsAc/AA82/fAstCal1.2/2021cicX11218877.mem.crumble.cram
AA83,,2021cicX11218878,fAulAsc84,SAN23000776,M,F2,202104,Sonya6600_SEL30M35,4,,78.4,13,10,1,1,,/rds/project/rds-8b3VcZwY7rY/projects/cichlid/alignments/DURB_000005-LabCichlids/X_AsAc/AA83/fAstCal1.2/2021cicX11218878.mem.crumble.cram
AA84,,2021cicX11218879,fAulAsc85,SAN23000777,M,F2,202104,Sonya6600_SEL30M35,4,,69.9,4,4,NA,0,,/rds/project/rds-8b3VcZwY7rY/projects/cichlid/alignments/DURB_000005-LabCichlids/X_AsAc/AA84/fAstCal1.2/2021cicX11218879.mem.crumble.cram
AA85,,2021cicX11218880,fAulAsc86,SAN23000778,M,F2,202104,Sonya6600_SEL30M35,4,,71.4,2,2,NA,0,,/rds/project/rds-8b3VcZwY7rY/projects/cichlid/alignments/DURB_000005-LabCichlids/X_AsAc/AA85/fAstCal1.2/2021cicX11218880.mem.crumble.cram
AA86,,2021cicX11218881,fAulAsc87,SAN23000779,M,F2,202104,Sonya6600_SEL30M35,4,,74.3,3,2,NA,0,,/rds/project/rds-8b3VcZwY7rY/projects/cichlid/alignments/DURB_000005-LabCichlids/X_AsAc/AA86/fAstCal1.2/2021cicX11218881.mem.crumble.cram
AA87,,2021cicX11218882,fAulAsc88,SAN23000780,M,F2,202104,Sonya6600_SEL30M35,4,,71.9,1,1,NA,0,,/rds/project/rds-8b3VcZwY7rY/projects/cichlid/alignments/DURB_000005-LabCichlids/X_AsAc/AA87/fAstCal1.2/2021cicX11218882.mem.crumble.cram
AA88,,2021cicX11218883,fAulAsc89,SAN23000781,M,F2,202104,Sonya6600_SEL30M35,4,,71.7,9,8.5,1,NA,,/rds/project/rds-8b3VcZwY7rY/projects/cichlid/alignments/DURB_000005-LabCichlids/X_AsAc/AA88/fAstCal1.2/2021cicX11218883.mem.crumble.cram
AA89,,2021cicX11218884,fAulAsc90,SAN23000782,M,F2,202104,Sonya6600_SEL30M35,4,,74.7,7,6.5,NA,1,,/rds/project/rds-8b3VcZwY7rY/projects/cichlid/alignments/DURB_000005-LabCichlids/X_AsAc/AA89/fAstCal1.2/2021cicX11218884.mem.crumble.cram
AA90,,2021cicX11218885,fAulAsc91,SAN23000783,M,F2,202104,Sonya6600_SEL30M35,4,,79.8,14,13.5,1,0,,/rds/project/rds-8b3VcZwY7rY/projects/cichlid/alignments/DURB_000005-LabCichlids/X_AsAc/AA90/fAstCal1.2/2021cicX11218885.mem.crumble.cram
AA91,,2021cicX11218886,fAulAsc92,SAN23000784,M,F2,202104,Sonya6600_SEL30M35,4,,68.4,3,3,0,0,,/rds/project/rds-8b3VcZwY7rY/projects/cichlid/alignments/DURB_000005-LabCichlids/X_AsAc/AA91/fAstCal1.2/2021cicX11218886.mem.crumble.cram
AA92,,2021cicX11218887,fAulAsc93,SAN23000785,M,F2,202104,Sonya6600_SEL30M35,4,,73.5,4,4,NA,0,,/rds/project/rds-8b3VcZwY7rY/projects/cichlid/alignments/DURB_000005-LabCichlids/X_AsAc/AA92/fAstCal1.2/2021cicX11218887.mem.crumble.cram
AA93,,2021cicX11218888,fAulAsc94,SAN23000786,M,F2,202104,Sonya6600_SEL30M35,4,,77.1,1,1,NA,0,,/rds/project/rds-8b3VcZwY7rY/projects/cichlid/alignments/DURB_000005-LabCichlids/X_AsAc/AA93/fAstCal1.2/2021cicX11218888.mem.crumble.cram
AA94,,2021cicX11218889,fAulAsc95,SAN23000787,M,F2,202104,Sonya6600_SEL30M35,4,,74,6,5.5,0,1,,/rds/project/rds-8b3VcZwY7rY/projects/cichlid/alignments/DURB_000005-LabCichlids/X_AsAc/AA94/fAstCal1.2/2021cicX11218889.mem.crumble.cram
AA95,,2021cicX11218890,fAulAsc96,SAN23000788,M,F2,202104,Sonya6600_SEL30M35,4,,70.7,5,4,0,0,,/rds/project/rds-8b3VcZwY7rY/projects/cichlid/alignments/DURB_000005-LabCichlids/X_AsAc/AA95/fAstCal1.2/2021cicX11218890.mem.crumble.cram
AA96,,2021cicX11218915,fAulAsc97,SAN23000813,M,F2,202104,Sonya6600_SEL30M35,4,,65.9,3,3,0,0,,/rds/project/rds-8b3VcZwY7rY/projects/cichlid/alignments/DURB_000005-LabCichlids/X_AsAc/AA96/fAstCal1.2/2021cicX11218915.mem.crumble.cram
AA97,,2021cicX11218916,fAulAsc98,SAN23000814,M,F2,202104,Sonya6600_SEL30M35,4,,76.3,5,3.5,NA,0,,/rds/project/rds-8b3VcZwY7rY/projects/cichlid/alignments/DURB_000005-LabCichlids/X_AsAc/AA97/fAstCal1.2/2021cicX11218916.mem.crumble.cram
AA98,,2021cicX11218917,fAulAsc99,SAN23000815,M,F2,202104,Sonya6600_SEL30M35,4,,73.9,10,9,1,0,,/rds/project/rds-8b3VcZwY7rY/projects/cichlid/alignments/DURB_000005-LabCichlids/X_AsAc/AA98/fAstCal1.2/2021cicX11218917.mem.crumble.cram
AA99,,2021cicX11218918,fAulAsc100,SAN23000816,M,F2,202104,Sonya6600_SEL30M35,4,,70.8,11,10.5,1,1,,/rds/project/rds-8b3VcZwY7rY/projects/cichlid/alignments/DURB_000005-LabCichlids/X_AsAc/AA99/fAstCal1.2/2021cicX11218918.mem.crumble.cram
AA100,,2021cicX11218919,fAulAsc101,SAN23000817,M,F2,202104,Sonya6600_SEL30M35,4,,73.3,10,9.5,1,1,,/rds/project/rds-8b3VcZwY7rY/projects/cichlid/alignments/DURB_000005-LabCichlids/X_AsAc/AA100/fAstCal1.2/2021cicX11218919.mem.crumble.cram
AA101,,2021cicX11218920,fAulAsc102,SAN23000818,M,F2,202104,Sonya6600_SEL30M35,4,,76.3,3,3,NA,0,,/rds/project/rds-8b3VcZwY7rY/projects/cichlid/alignments/DURB_000005-LabCichlids/X_AsAc/AA101/fAstCal1.2/2021cicX11218920.mem.crumble.cram
AA102,,2021cicX11218921,fAulAsc103,SAN23000819,M,F2,202104,Sonya6600_SEL30M35,4,,66,3,3,NA,0,,/rds/project/rds-8b3VcZwY7rY/projects/cichlid/alignments/DURB_000005-LabCichlids/X_AsAc/AA102/fAstCal1.2/2021cicX11218921.mem.crumble.cram
AA103,,2021cicX11218922,fAulAsc104,SAN23000820,M,F2,202104,Sonya6600_SEL30M35,4,,70.9,5,4,0,0,,/rds/project/rds-8b3VcZwY7rY/projects/cichlid/alignments/DURB_000005-LabCichlids/X_AsAc/AA103/fAstCal1.2/2021cicX11218922.mem.crumble.cram
AA104,,2021cicX11218923,fAulAsc105,SAN23000821,M,F2,202104,Sonya6600_SEL30M35,4,,71.6,7,5.5,NA,0,,/rds/project/rds-8b3VcZwY7rY/projects/cichlid/alignments/DURB_000005-LabCichlids/X_AsAc/AA104/fAstCal1.2/2021cicX11218923.mem.crumble.cram
AA105,N/A,2021cicX11218924,fAulAsc106,SAN23000822,M,F2,202104,Sonya6600_SEL30M35,4,,76.5,4,4,0,0,,/rds/project/rds-8b3VcZwY7rY/projects/cichlid/alignments/DURB_000005-LabCichlids/X_AsAc/AA105/fAstCal1.2/2021cicX11218924.mem.crumble.cram
AA106,N/A,2021cicX11218925,fAulAsc107,SAN23000823,M,F2,202104,Sonya6600_SEL30M35,4,,74.8,6,6,NA,0,,/rds/project/rds-8b3VcZwY7rY/projects/cichlid/alignments/DURB_000005-LabCichlids/X_AsAc/AA106/fAstCal1.2/2021cicX11218925.mem.crumble.cram
AA107,N/A,2021cicX11218926,fAulAsc108,SAN23000824,M,F2,202104,Sonya6600_SEL30M35,4,,68.7,3,3,0,0,,/rds/project/rds-8b3VcZwY7rY/projects/cichlid/alignments/DURB_000005-LabCichlids/X_AsAc/AA107/fAstCal1.2/2021cicX11218926.mem.crumble.cram
AA108,N/A,2021cicX11218927,fAulAsc109,SAN23000825,M,F3,202109,Sonya6600_SEL30M35,4,,69.9,5,5,NA,0,,/rds/project/rds-8b3VcZwY7rY/projects/cichlid/alignments/DURB_000005-LabCichlids/X_AsAc/AA108/fAstCal1.2/2021cicX11218927.mem.crumble.cram
AA109,N/A,2021cicX11218928,fAulAsc110,SAN23000826,M,F3,202109,Sonya6600_SEL30M35,4,,71.5,4,4,NA,NA,,/rds/project/rds-8b3VcZwY7rY/projects/cichlid/alignments/DURB_000005-LabCichlids/X_AsAc/AA109/fAstCal1.2/2021cicX11218928.mem.crumble.cram
AA110,N/A,2021cicX11218929,fAulAsc111,SAN23000827,M,F3,202109,Sonya6600_SEL30M35,4,,70.4,3,2.5,0,0,,/rds/project/rds-8b3VcZwY7rY/projects/cichlid/alignments/DURB_000005-LabCichlids/X_AsAc/AA110/fAstCal1.2/2021cicX11218929.mem.crumble.cram
AA111,N/A,2021cicX11218930,fAulAsc112,SAN23000828,M,F3,202109,Sonya6600_SEL30M35,4,,72.3,3,3,0,0,,/rds/project/rds-8b3VcZwY7rY/projects/cichlid/alignments/DURB_000005-LabCichlids/X_AsAc/AA111/fAstCal1.2/2021cicX11218930.mem.crumble.cram
AA112,N/A,2021cicX11218931,fAulAsc113,SAN23000829,M,F3,202109,Sonya6600_SEL30M35,4,,73,8,7.5,NA,0,,/rds/project/rds-8b3VcZwY7rY/projects/cichlid/alignments/DURB_000005-LabCichlids/X_AsAc/AA112/fAstCal1.2/2021cicX11218931.mem.crumble.cram
AA113,N/A,2021cicX11218932,fAulAsc114,SAN23000830,M,F3,202109,Sonya6600_SEL30M35,4,,71.6,4,4,NA,NA,,/rds/project/rds-8b3VcZwY7rY/projects/cichlid/alignments/DURB_000005-LabCichlids/X_AsAc/AA113/fAstCal1.2/2021cicX11218932.mem.crumble.cram
AA114,N/A,2021cicX11218933,fAulAsc115,SAN23000831,M,F3,202109,Sonya6600_SEL30M35,4,,75.4,7,6.5,NA,0,,/rds/project/rds-8b3VcZwY7rY/projects/cichlid/alignments/DURB_000005-LabCichlids/X_AsAc/AA114/fAstCal1.2/2021cicX11218933.mem.crumble.cram
AA115,N/A,2021cicX11218934,fAulAsc116,SAN23000832,M,F3,202109,Sonya6600_SEL30M35,4,,79.7,4,4,0,0,,/rds/project/rds-8b3VcZwY7rY/projects/cichlid/alignments/DURB_000005-LabCichlids/X_AsAc/AA115/fAstCal1.2/2021cicX11218934.mem.crumble.cram
AA116,N/A,2021cicX11218935,fAulAsc117,SAN23000833,M,F3,202109,Sonya6600_SEL30M35,4,,66.6,4,4,0,0,,/rds/project/rds-8b3VcZwY7rY/projects/cichlid/alignments/DURB_000005-LabCichlids/X_AsAc/AA116/fAstCal1.2/2021cicX11218935.mem.crumble.cram
AA117,N/A,2021cicX11218936,fAulAsc118,SAN23000834,M,F3,202109,Sonya6600_SEL30M35,4,,73.5,7,6.5,NA,0,,/rds/project/rds-8b3VcZwY7rY/projects/cichlid/alignments/DURB_000005-LabCichlids/X_AsAc/AA117/fAstCal1.2/2021cicX11218936.mem.crumble.cram
AA118,N/A,2021cicX11218937,fAulAsc119,SAN23000835,M,F3,202109,Sonya6600_SEL30M35,4,,74.5,10,10,1,NA,,/rds/project/rds-8b3VcZwY7rY/projects/cichlid/alignments/DURB_000005-LabCichlids/X_AsAc/AA118/fAstCal1.2/2021cicX11218937.mem.crumble.cram
AA119,N/A,2021cicX11218938,fAulAsc120,SAN23000836,M,F3,202109,Sonya6600_SEL30M35,4,,71.2,4,3.5,0,0,,/rds/project/rds-8b3VcZwY7rY/projects/cichlid/alignments/DURB_000005-LabCichlids/X_AsAc/AA119/fAstCal1.2/2021cicX11218938.mem.crumble.cram
AA120,N/A,2021cicX11218939,fAulAsc121,SAN23000837,M,F3,202109,Sonya6600_SEL30M35,4,,69.2,7,6.5,NA,0,,/rds/project/rds-8b3VcZwY7rY/projects/cichlid/alignments/DURB_000005-LabCichlids/X_AsAc/AA120/fAstCal1.2/2021cicX11218939.mem.crumble.cram
AA121,N/A,2021cicX11218940,fAulAsc122,SAN23000838,M,F2,202109,Sonya6600_SEL30M35,4,,74.8,6,5.5,NA,0,,/rds/project/rds-8b3VcZwY7rY/projects/cichlid/alignments/DURB_000005-LabCichlids/X_AsAc/AA121/fAstCal1.2/2021cicX11218940.mem.crumble.cram
AA122,N/A,2021cicX11218941,fAulAsc123,SAN23000839,M,F2,202109,Sonya6600_SEL30M35,4,,74,5,5,NA,0,,/rds/project/rds-8b3VcZwY7rY/projects/cichlid/alignments/DURB_000005-LabCichlids/X_AsAc/AA122/fAstCal1.2/2021cicX11218941.mem.crumble.cram
AA123,N/A,2021cicX11218942,fAulAsc124,SAN23000840,M,F2,202109,Sonya6600_SEL30M35,4,,78.7,7,6,NA,0,,/rds/project/rds-8b3VcZwY7rY/projects/cichlid/alignments/DURB_000005-LabCichlids/X_AsAc/AA123/fAstCal1.2/2021cicX11218942.mem.crumble.cram
AA124,N/A,2021cicX11218943,fAulAsc125,SAN23000841,M,F2,202109,Sonya6600_SEL30M35,4,,68.9,4,3,0,0,,/rds/project/rds-8b3VcZwY7rY/projects/cichlid/alignments/DURB_000005-LabCichlids/X_AsAc/AA124/fAstCal1.2/2021cicX11218943.mem.crumble.cram
AA125,N/A,2021cicX11218944,fAulAsc126,SAN23000842,M,F2,202109,Sonya6600_SEL30M35,4,,73.1,8,7.5,NA,1,,/rds/project/rds-8b3VcZwY7rY/projects/cichlid/alignments/DURB_000005-LabCichlids/X_AsAc/AA125/fAstCal1.2/2021cicX11218944.mem.crumble.cram
AA126,N/A,2021cicX11218945,fAulAsc127,SAN23000843,M,F2,202109,Sonya6600_SEL30M35,4,,80.7,6,6,NA,0,,/rds/project/rds-8b3VcZwY7rY/projects/cichlid/alignments/DURB_000005-LabCichlids/X_AsAc/AA126/fAstCal1.2/2021cicX11218945.mem.crumble.cram
AA127,N/A,2021cicX11218946,fAulAsc128,SAN23000844,M,F2,202109,Sonya6600_SEL30M35,4,,78.9,4,4,NA,0,,/rds/project/rds-8b3VcZwY7rY/projects/cichlid/alignments/DURB_000005-LabCichlids/X_AsAc/AA127/fAstCal1.2/2021cicX11218946.mem.crumble.cram
AA128,N/A,2021cicX11218947,fAulAsc129,SAN23000845,M,F2,202109,Sonya6600_SEL30M35,4,,83.1,4,4,NA,0,,/rds/project/rds-8b3VcZwY7rY/projects/cichlid/alignments/DURB_000005-LabCichlids/X_AsAc/AA128/fAstCal1.2/2021cicX11218947.mem.crumble.cram
AA129,N/A,2021cicX11218948,fAulAsc130,SAN23000846,M,F2,202109,Sonya6600_SEL30M35,4,,81,3,2.5,0,0,,/rds/project/rds-8b3VcZwY7rY/projects/cichlid/alignments/DURB_000005-LabCichlids/X_AsAc/AA129/fAstCal1.2/2021cicX11218948.mem.crumble.cram
AA130,N/A,2021cicX11218949,fAulAsc131,SAN23000847,M,F2,202109,Sonya6600_SEL30M35,4,,73.7,4,3.5,0,0,,/rds/project/rds-8b3VcZwY7rY/projects/cichlid/alignments/DURB_000005-LabCichlids/X_AsAc/AA130/fAstCal1.2/2021cicX11218949.mem.crumble.cram
AA131,N/A,2021cicX11218950,fAulAsc132,SAN23000848,M,F2,202109,Sonya6600_SEL30M35,4,,75.3,6,5.5,NA,NA,,/rds/project/rds-8b3VcZwY7rY/projects/cichlid/alignments/DURB_000005-LabCichlids/X_AsAc/AA131/fAstCal1.2/2021cicX11218950.mem.crumble.cram
AA132,N/A,2021cicX11218951,fAulAsc133,SAN23000849,M,F2,202109,Sonya6600_SEL30M35,4,,75.2,8,7.5,NA,1,,/rds/project/rds-8b3VcZwY7rY/projects/cichlid/alignments/DURB_000005-LabCichlids/X_AsAc/AA132/fAstCal1.2/2021cicX11218951.mem.crumble.cram
AA133,N/A,2021cicX11218952,fAulAsc134,SAN23000850,M,F2,202109,Sonya6600_SEL30M35,4,,72.3,3,2,NA,0,,/rds/project/rds-8b3VcZwY7rY/projects/cichlid/alignments/DURB_000005-LabCichlids/X_AsAc/AA133/fAstCal1.2/2021cicX11218952.mem.crumble.cram
AA134,N/A,2021cicX11218953,fAulAsc135,SAN23000851,M,F2,202109,Sonya6600_SEL30M35,4,,75.5,7,5.5,0,0,,/rds/project/rds-8b3VcZwY7rY/projects/cichlid/alignments/DURB_000005-LabCichlids/X_AsAc/AA134/fAstCal1.2/2021cicX11218953.mem.crumble.cram
AA135,N/A,2021cicX11218954,fAulAsc136,SAN23000852,M,F2,202109,Sonya6600_SEL30M35,4,,74.2,4,4,0,0,,/rds/project/rds-8b3VcZwY7rY/projects/cichlid/alignments/DURB_000005-LabCichlids/X_AsAc/AA135/fAstCal1.2/2021cicX11218954.mem.crumble.cram
AA136,N/A,2021cicX11218955,fAulAsc137,SAN23000853,M,F2,202109,Sonya6600_SEL30M35,4,,72,6,4,0,0,,/rds/project/rds-8b3VcZwY7rY/projects/cichlid/alignments/DURB_000005-LabCichlids/X_AsAc/AA136/fAstCal1.2/2021cicX11218955.mem.crumble.cram
AA137,N/A,2021cicX11218956,fAulAsc138,SAN23000854,M,F2,202109,Sonya6600_SEL30M35,4,,69.4,7,6.5,NA,0,,/rds/project/rds-8b3VcZwY7rY/projects/cichlid/alignments/DURB_000005-LabCichlids/X_AsAc/AA137/fAstCal1.2/2021cicX11218956.mem.crumble.cram
AA138,N/A,2021cicX11218957,fAulAsc139,SAN23000855,M,F2,202109,Sonya6600_SEL30M35,4,,68.9,4,3.5,0,0,,/rds/project/rds-8b3VcZwY7rY/projects/cichlid/alignments/DURB_000005-LabCichlids/X_AsAc/AA138/fAstCal1.2/2021cicX11218957.mem.crumble.cram
AA139,N/A,2021cicX11218958,fAulAsc140,SAN23000856,M,F2,202109,Sonya6600_SEL30M35,4,,69.7,6,6,NA,1,,/rds/project/rds-8b3VcZwY7rY/projects/cichlid/alignments/DURB_000005-LabCichlids/X_AsAc/AA139/fAstCal1.2/2021cicX11218958.mem.crumble.cram
AA140,N/A,2021cicX11218959,fAulAsc141,SAN23000857,M,F2,202109,Sonya6600_SEL30M35,4,,79.7,8,7,NA,0,,/rds/project/rds-8b3VcZwY7rY/projects/cichlid/alignments/DURB_000005-LabCichlids/X_AsAc/AA140/fAstCal1.2/2021cicX11218959.mem.crumble.cram
AA141,N/A,2021cicX11218960,fAulAsc142,SAN23000858,M,F2,202109,Sonya6600_SEL30M35,4,,78.8,6,6,NA,0,,/rds/project/rds-8b3VcZwY7rY/projects/cichlid/alignments/DURB_000005-LabCichlids/X_AsAc/AA141/fAstCal1.2/2021cicX11218960.mem.crumble.cram
AA142,N/A,2021cicX11218961,fAulAsc143,SAN23000859,M,F3,202109,Sonya6600_SEL30M35,4,,64.9,6,5.5,1,NA,,/rds/project/rds-8b3VcZwY7rY/projects/cichlid/alignments/DURB_000005-LabCichlids/X_AsAc/AA142/fAstCal1.2/2021cicX11218961.mem.crumble.cram
AA143,N/A,2021cicX11218962,fAulAsc144,SAN23000860,M,F3,202109,Sonya6600_SEL30M35,4,,69.5,4,3.5,0,0,,/rds/project/rds-8b3VcZwY7rY/projects/cichlid/alignments/DURB_000005-LabCichlids/X_AsAc/AA143/fAstCal1.2/2021cicX11218962.mem.crumble.cram
AA144,N/A,2021cicX11218963,fAulAsc145,SAN23000861,M,F3,202109,Sonya6600_SEL30M35,4,,67.2,10,9.5,1,1,,/rds/project/rds-8b3VcZwY7rY/projects/cichlid/alignments/DURB_000005-LabCichlids/X_AsAc/AA144/fAstCal1.2/2021cicX11218963.mem.crumble.cram
AA145,N/A,2021cicX11218964,fAulAsc146,SAN23000862,M,F3,202109,Sonya6600_SEL30M35,4,,66.8,3,3,0,0,,/rds/project/rds-8b3VcZwY7rY/projects/cichlid/alignments/DURB_000005-LabCichlids/X_AsAc/AA145/fAstCal1.2/2021cicX11218964.mem.crumble.cram
AA146,N/A,2021cicX11218965,fAulAsc147,SAN23000863,M,F2,202109,Sonya6600_SEL30M35,4,,76.7,4,3.5,NA,0,,/rds/project/rds-8b3VcZwY7rY/projects/cichlid/alignments/DURB_000005-LabCichlids/X_AsAc/AA146/fAstCal1.2/2021cicX11218965.mem.crumble.cram
AA147,N/A,2021cicX11218966,fAulAsc148,SAN23000864,M,F2,202109,Sonya6600_SEL30M35,4,,71.9,5,4.5,NA,0,,/rds/project/rds-8b3VcZwY7rY/projects/cichlid/alignments/DURB_000005-LabCichlids/X_AsAc/AA147/fAstCal1.2/2021cicX11218966.mem.crumble.cram
AA148,N/A,2021cicX11218967,fAulAsc149,SAN23000865,M,F2,202109,Sonya6600_SEL30M35,4,,79.2,10,9.5,NA,NA,,/rds/project/rds-8b3VcZwY7rY/projects/cichlid/alignments/DURB_000005-LabCichlids/X_AsAc/AA148/fAstCal1.2/2021cicX11218967.mem.crumble.cram
F1_B2_1,N/A,2021cicX11218968,fAulAsc150,SAN23000866,M,F1,202109,Sonya6600_SEL30M35,4,,,,,,,,/rds/project/rds-8b3VcZwY7rY/projects/cichlid/alignments/DURB_000005-LabCichlids/X_AsAc/F1_B2_1/fAstCal1.2/2021cicX11218968.mem.crumble.cram
F1_B2_2,N/A,2021cicX11218969,fAulAsc151,SAN23000867,M,F1,202109,Sonya6600_SEL30M35,4,,,,,,,,/rds/project/rds-8b3VcZwY7rY/projects/cichlid/alignments/DURB_000005-LabCichlids/X_AsAc/F1_B2_2/fAstCal1.2/2021cicX11218969.mem.crumble.cram
F1_B2_3,N/A,2021cicX11218970,fAulAsc152,SAN23000868,M,F1,202109,Sonya6600_SEL30M35,4,,,,,,,,/rds/project/rds-8b3VcZwY7rY/projects/cichlid/alignments/DURB_000005-LabCichlids/X_AsAc/F1_B2_3/fAstCal1.2/2021cicX11218970.mem.crumble.cram
F1_B2_4,N/A,2021cicX11218971,fAulAsc153,SAN23000869,F,F1,202109,Sonya6600_SEL30M35,4,,,,,,,,/rds/project/rds-8b3VcZwY7rY/projects/cichlid/alignments/DURB_000005-LabCichlids/X_AsAc/F1_B2_4/fAstCal1.2/2021cicX11218971.mem.crumble.cram
F1_B2_5,N/A,2021cicX11218972,fAulAsc154,SAN23000870,F,F1,202109,Sonya6600_SEL30M35,4,,,,,,,,/rds/project/rds-8b3VcZwY7rY/projects/cichlid/alignments/DURB_000005-LabCichlids/X_AsAc/F1_B2_5/fAstCal1.2/2021cicX11218972.mem.crumble.cram
F1_B2_6,N/A,2021cicX11218973,fAulAsc155,SAN23000871,M,F1,202109,Sonya6600_SEL30M35,4,,,,,,,,/rds/project/rds-8b3VcZwY7rY/projects/cichlid/alignments/DURB_000005-LabCichlids/X_AsAc/F1_B2_6/fAstCal1.2/2021cicX11218973.mem.crumble.cram
F1_B2_7,N/A,2021cicX11218974,fAulAsc156,SAN23000872,M,F1,202109,Sonya6600_SEL30M35,4,,,,,,,,/rds/project/rds-8b3VcZwY7rY/projects/cichlid/alignments/DURB_000005-LabCichlids/X_AsAc/F1_B2_7/fAstCal1.2/2021cicX11218974.mem.crumble.cram
F1_B1_1,N/A,2021cicX11218975,fAulAsc157,SAN23000873,M,F1,202109,Sonya6600_SEL30M35,4,,,,,,,,/rds/project/rds-8b3VcZwY7rY/projects/cichlid/alignments/DURB_000005-LabCichlids/X_AsAc/F1_B1_1/fAstCal1.2/2021cicX11218975.mem.crumble.cram
F1_B1_2,N/A,2021cicX11218976,fAulAsc158,SAN23000874,M,F1,202109,Sonya6600_SEL30M35,4,,,,,,,,/rds/project/rds-8b3VcZwY7rY/projects/cichlid/alignments/DURB_000005-LabCichlids/X_AsAc/F1_B1_2/fAstCal1.2/2021cicX11218976.mem.crumble.cram
2.5b,N/A,2021cicX11218981,fAstCal32,SAN23000879,M,G0; Aulonocara stuartgranti,202109,Sonya6600_SEL30M35,4,,,,,,,,/rds/project/rds-8b3VcZwY7rY/projects/cichlid/alignments/DURB_000005-LabCichlids/X_AsAc/2.5b/fAstCal1.2/2021cicX11218981.mem.crumble.cram
2.6b,N/A,2021cicX11218982,fAstCal33,SAN23000880,F,G0; Astatotilapia calliptera,202109,Sonya6600_SEL30M35,4,,,,,,,,/rds/project/rds-8b3VcZwY7rY/projects/cichlid/alignments/DURB_000005-LabCichlids/X_AsAc/2.6b/fAstCal1.2/2021cicX11218982.mem.crumble.cram
AA149,N/A,2021cicX13178912,fAulAsc159,SAN23000986,M,F3,202204,Sonya6600_SEL30M35,4,,71.1,6,6,NA,0,,/rds/project/rds-8b3VcZwY7rY/projects/cichlid/alignments/DURB_000013-LabCichlids/X_AsAc/AA149/fAstCal1.2/2021cicX13178912.mem.crumble.cram
AA150,N/A,2021cicX13178913,fAulAsc170,SAN23000987,M,F3,202204,Sonya6600_SEL30M35,4,,69.2,2,2,NA,0,,/rds/project/rds-8b3VcZwY7rY/projects/cichlid/alignments/DURB_000013-LabCichlids/X_AsAc/AA150/fAstCal1.2/2021cicX13178913.mem.crumble.cram
AA151,N/A,2021cicX13178914,fAulAsc181,SAN23000988,M,F3,202204,Sonya6600_SEL30M35,4,,71.5,2,2,0,0,,/rds/project/rds-8b3VcZwY7rY/projects/cichlid/alignments/DURB_000013-LabCichlids/X_AsAc/AA151/fAstCal1.2/2021cicX13178914.mem.crumble.cram
AA152,N/A,2021cicX13178915,fAulAsc192,SAN23000989,M,F3,202204,Sonya6600_SEL30M35,4,,70.4,7,6,NA,0,,/rds/project/rds-8b3VcZwY7rY/projects/cichlid/alignments/DURB_000013-LabCichlids/X_AsAc/AA152/fAstCal1.2/2021cicX13178915.mem.crumble.cram
AA153,N/A,2021cicX13178916,fAulAsc203,SAN23000990,M,F3,202204,Sonya6600_SEL30M35,4,,67.3,4,3.5,NA,0,,/rds/project/rds-8b3VcZwY7rY/projects/cichlid/alignments/DURB_000013-LabCichlids/X_AsAc/AA153/fAstCal1.2/2021cicX13178916.mem.crumble.cram
AA154,N/A,2021cicX13178917,fAulAsc214,SAN23000991,M,F3,202204,Sonya6600_SEL30M35,4,,68.6,5,4.5,NA,0,,/rds/project/rds-8b3VcZwY7rY/projects/cichlid/alignments/DURB_000013-LabCichlids/X_AsAc/AA154/fAstCal1.2/2021cicX13178917.mem.crumble.cram
AA155,N/A,2021cicX13178918,fAulAsc225,SAN23000992,M,F3,202204,Sonya6600_SEL30M35,4,,71.6,4,3.5,0,0,,/rds/project/rds-8b3VcZwY7rY/projects/cichlid/alignments/DURB_000013-LabCichlids/X_AsAc/AA155/fAstCal1.2/2021cicX13178918.mem.crumble.cram
AA156,N/A,2021cicX13178919,fAulAsc235,SAN23000993,M,F3,202204,Sonya6600_SEL30M35,4,,78.2,5,5,NA,0,,/rds/project/rds-8b3VcZwY7rY/projects/cichlid/alignments/DURB_000013-LabCichlids/X_AsAc/AA156/fAstCal1.2/2021cicX13178919.mem.crumble.cram
AA157,N/A,2021cicX13178920,fAulAsc162,SAN23000994,M,F3,202204,Sonya6600_SEL30M35,4,,80.7,4,3,0,0,,/rds/project/rds-8b3VcZwY7rY/projects/cichlid/alignments/DURB_000013-LabCichlids/X_AsAc/AA157/fAstCal1.2/2021cicX13178920.mem.crumble.cram
AA158,N/A,2021cicX13178921,fAulAsc173,SAN23000995,M,F3,202204,Sonya6600_SEL30M35,4,,72.4,3,3,NA,0,,/rds/project/rds-8b3VcZwY7rY/projects/cichlid/alignments/DURB_000013-LabCichlids/X_AsAc/AA158/fAstCal1.2/2021cicX13178921.mem.crumble.cram
AA159,N/A,2021cicX13178922,fAulAsc184,SAN23000996,M,F3,202204,Sonya6600_SEL30M35,4,,77.4,4,3.5,0,0,,/rds/project/rds-8b3VcZwY7rY/projects/cichlid/alignments/DURB_000013-LabCichlids/X_AsAc/AA159/fAstCal1.2/2021cicX13178922.mem.crumble.cram
AA160,N/A,2021cicX13178923,fAulAsc195,SAN23000997,M,F3,202204,Sonya6600_SEL30M35,4,,74.7,5,5,NA,NA,,/rds/project/rds-8b3VcZwY7rY/projects/cichlid/alignments/DURB_000013-LabCichlids/X_AsAc/AA160/fAstCal1.2/2021cicX13178923.mem.crumble.cram
AA161,N/A,2021cicX13178924,fAulAsc206,SAN23000998,M,F3,202204,Sonya6600_SEL30M35,4,,68.1,8,6.5,0,1,,/rds/project/rds-8b3VcZwY7rY/projects/cichlid/alignments/DURB_000013-LabCichlids/X_AsAc/AA161/fAstCal1.2/2021cicX13178924.mem.crumble.cram
AA162,N/A,2021cicX13178925,fAulAsc217,SAN23000999,M,F3,202204,Sonya6600_SEL30M35,4,,66.7,4,3.5,NA,0,,/rds/project/rds-8b3VcZwY7rY/projects/cichlid/alignments/DURB_000013-LabCichlids/X_AsAc/AA162/fAstCal1.2/2021cicX13178925.mem.crumble.cram
AA163,N/A,2021cicX13178926,fAulAsc227,SAN23001000,M,F3,202204,Sonya6600_SEL30M35,4,,72.2,2,2,NA,0,,/rds/project/rds-8b3VcZwY7rY/projects/cichlid/alignments/DURB_000013-LabCichlids/X_AsAc/AA163/fAstCal1.2/2021cicX13178926.mem.crumble.cram
AA164,N/A,2021cicX13178927,fAulAsc237,SAN23001001,M,F3,202204,Sonya6600_SEL30M35,4,,73.5,7,6,NA,NA,,/rds/project/rds-8b3VcZwY7rY/projects/cichlid/alignments/DURB_000013-LabCichlids/X_AsAc/AA164/fAstCal1.2/2021cicX13178927.mem.crumble.cram
AA165,N/A,2021cicX13178928,fAulAsc163,SAN23001002,M,F3,202204,Sonya6600_SEL30M35,4,,63.4,8,6.5,1,1,,/rds/project/rds-8b3VcZwY7rY/projects/cichlid/alignments/DURB_000013-LabCichlids/X_AsAc/AA165/fAstCal1.2/2021cicX13178928.mem.crumble.cram
AA166,N/A,2021cicX13178929,fAulAsc174,SAN23001003,M,F3,202204,Sonya6600_SEL30M35,4,,70.8,3,3,0,0,,/rds/project/rds-8b3VcZwY7rY/projects/cichlid/alignments/DURB_000013-LabCichlids/X_AsAc/AA166/fAstCal1.2/2021cicX13178929.mem.crumble.cram
AA167,N/A,2021cicX13178930,fAulAsc185,SAN23001004,M,F3,202204,Sonya6600_SEL30M35,4,,78.1,3,2.5,NA,0,,/rds/project/rds-8b3VcZwY7rY/projects/cichlid/alignments/DURB_000013-LabCichlids/X_AsAc/AA167/fAstCal1.2/2021cicX13178930.mem.crumble.cram
AA168,N/A,2021cicX13178931,fAulAsc196,SAN23001005,M,F3,202204,Sonya6600_SEL30M35,4,,69.2,6,6,NA,1,,/rds/project/rds-8b3VcZwY7rY/projects/cichlid/alignments/DURB_000013-LabCichlids/X_AsAc/AA168/fAstCal1.2/2021cicX13178931.mem.crumble.cram
AA169,N/A,2021cicX13178932,fAulAsc207,SAN23001006,M,F3,202204,Sonya6600_SEL30M35,4,,71.1,9,7,NA,1,,/rds/project/rds-8b3VcZwY7rY/projects/cichlid/alignments/DURB_000013-LabCichlids/X_AsAc/AA169/fAstCal1.2/2021cicX13178932.mem.crumble.cram
AA170,N/A,2021cicX13178933,fAulAsc218,SAN23001007,M,F3,202204,Sonya6600_SEL30M35,4,,71.3,2,2,0,0,,/rds/project/rds-8b3VcZwY7rY/projects/cichlid/alignments/DURB_000013-LabCichlids/X_AsAc/AA170/fAstCal1.2/2021cicX13178933.mem.crumble.cram
AA171,N/A,2021cicX13178934,fAulAsc228,SAN23001008,M,F3,202204,Sonya6600_SEL30M35,4,,65.2,5,5,NA,0,,/rds/project/rds-8b3VcZwY7rY/projects/cichlid/alignments/DURB_000013-LabCichlids/X_AsAc/AA171/fAstCal1.2/2021cicX13178934.mem.crumble.cram
AA172,N/A,2021cicX13178935,fAulAsc238,SAN23001009,M,F3,202204,Sonya6600_SEL30M35,4,,67,8,6,NA,1,,/rds/project/rds-8b3VcZwY7rY/projects/cichlid/alignments/DURB_000013-LabCichlids/X_AsAc/AA172/fAstCal1.2/2021cicX13178935.mem.crumble.cram
AA173,N/A,2021cicX13178936,fAulAsc164,SAN23001010,M,F3,202204,Sonya6600_SEL30M35,4,,66.2,6,6,NA,NA,,/rds/project/rds-8b3VcZwY7rY/projects/cichlid/alignments/DURB_000013-LabCichlids/X_AsAc/AA173/fAstCal1.2/2021cicX13178936.mem.crumble.cram
AA174,N/A,2021cicX13178937,fAulAsc175,SAN23001011,M,F3,202204,Sonya6600_SEL30M35,4,,66.6,6,5.5,NA,0,,/rds/project/rds-8b3VcZwY7rY/projects/cichlid/alignments/DURB_000013-LabCichlids/X_AsAc/AA174/fAstCal1.2/2021cicX13178937.mem.crumble.cram
AA175,N/A,2021cicX13178938,fAulAsc186,SAN23001012,M,F3,202204,Sonya6600_SEL30M35,4,,66.3,7,7,NA,1,,/rds/project/rds-8b3VcZwY7rY/projects/cichlid/alignments/DURB_000013-LabCichlids/X_AsAc/AA175/fAstCal1.2/2021cicX13178938.mem.crumble.cram
AA176,N/A,2021cicX13178939,fAulAsc197,SAN23001013,M,F3,202204,Sonya6600_SEL30M35,4,,67.2,4,3.5,0,0,,/rds/project/rds-8b3VcZwY7rY/projects/cichlid/alignments/DURB_000013-LabCichlids/X_AsAc/AA176/fAstCal1.2/2021cicX13178939.mem.crumble.cram
AA177,N/A,2021cicX13178940,fAulAsc208,SAN23001014,M,F3,202204,Sonya6600_SEL30M35,4,,67.7,4,4,0,0,,/rds/project/rds-8b3VcZwY7rY/projects/cichlid/alignments/DURB_000013-LabCichlids/X_AsAc/AA177/fAstCal1.2/2021cicX13178940.mem.crumble.cram
AA178,N/A,2021cicX13178941,fAulAsc219,SAN23001015,M,F3,202204,Sonya6600_SEL30M35,4,,68.3,4,3.5,0,0,,/rds/project/rds-8b3VcZwY7rY/projects/cichlid/alignments/DURB_000013-LabCichlids/X_AsAc/AA178/fAstCal1.2/2021cicX13178941.mem.crumble.cram
AA179,N/A,2021cicX13178942,fAulAsc229,SAN23001016,M,F3,202204,Sonya6600_SEL30M35,4,,69.2,3,2,NA,0,,/rds/project/rds-8b3VcZwY7rY/projects/cichlid/alignments/DURB_000013-LabCichlids/X_AsAc/AA179/fAstCal1.2/2021cicX13178942.mem.crumble.cram
AA180,N/A,2021cicX13178943,fAulAsc239,SAN23001017,M,F3,202204,Sonya6600_SEL30M35,4,,66.8,5,5,NA,0,,/rds/project/rds-8b3VcZwY7rY/projects/cichlid/alignments/DURB_000013-LabCichlids/X_AsAc/AA180/fAstCal1.2/2021cicX13178943.mem.crumble.cram
AA181,N/A,2021cicX13178944,fAulAsc165,SAN23001018,M,F3,202204,Sonya6600_SEL30M35,4,,71.9,2,2,NA,0,maybe a female?,/rds/project/rds-8b3VcZwY7rY/projects/cichlid/alignments/DURB_000013-LabCichlids/X_AsAc/AA181/fAstCal1.2/2021cicX13178944.mem.crumble.cram
AA182,N/A,2021cicX13178945,fAulAsc176,SAN23001019,M,F3,202204,Sonya6600_SEL30M35,4,,75.9,4,3.5,0,0,,/rds/project/rds-8b3VcZwY7rY/projects/cichlid/alignments/DURB_000013-LabCichlids/X_AsAc/AA182/fAstCal1.2/2021cicX13178945.mem.crumble.cram
AA183,N/A,2021cicX13178946,fAulAsc187,SAN23001020,M,F3,202204,Sonya6600_SEL30M35,4,,70,6,5.5,NA,0,,/rds/project/rds-8b3VcZwY7rY/projects/cichlid/alignments/DURB_000013-LabCichlids/X_AsAc/AA183/fAstCal1.2/2021cicX13178946.mem.crumble.cram
AA184,N/A,2021cicX13178947,fAulAsc198,SAN23001021,M,F3,202204,Sonya6600_SEL30M35,4,,63.9,3,3,0,0,,/rds/project/rds-8b3VcZwY7rY/projects/cichlid/alignments/DURB_000013-LabCichlids/X_AsAc/AA184/fAstCal1.2/2021cicX13178947.mem.crumble.cram
AA185,N/A,2021cicX13178948,fAulAsc209,SAN23001022,M,F3,202204,Sonya6600_SEL30M35,4,,63.8,6,6,NA,0,,/rds/project/rds-8b3VcZwY7rY/projects/cichlid/alignments/DURB_000013-LabCichlids/X_AsAc/AA185/fAstCal1.2/2021cicX13178948.mem.crumble.cram
AA186,N/A,2021cicX13178949,fAulAsc220,SAN23001023,M,F3,202204,Sonya6600_SEL30M35,4,,61.5,7,6.5,NA,0,,/rds/project/rds-8b3VcZwY7rY/projects/cichlid/alignments/DURB_000013-LabCichlids/X_AsAc/AA186/fAstCal1.2/2021cicX13178949.mem.crumble.cram
AA187,N/A,2021cicX13178950,fAulAsc230,SAN23001024,M,F3,202204,Sonya6600_SEL30M35,4,,64.8,5,4.5,NA,1,,/rds/project/rds-8b3VcZwY7rY/projects/cichlid/alignments/DURB_000013-LabCichlids/X_AsAc/AA187/fAstCal1.2/2021cicX13178950.mem.crumble.cram
AA188,N/A,2021cicX13178951,fAulAsc240,SAN23001025,M,F3,202204,Sonya6600_SEL30M35,4,,59.6,1,1,NA,0,,/rds/project/rds-8b3VcZwY7rY/projects/cichlid/alignments/DURB_000013-LabCichlids/X_AsAc/AA188/fAstCal1.2/2021cicX13178951.mem.crumble.cram
AA189,N/A,2021cicX13178952,fAulAsc166,SAN23001026,M,F3,202204,Sonya6600_SEL30M35,4,,71.9,3,3,0,0,,/rds/project/rds-8b3VcZwY7rY/projects/cichlid/alignments/DURB_000013-LabCichlids/X_AsAc/AA189/fAstCal1.2/2021cicX13178952.mem.crumble.cram
AA190,N/A,2021cicX13178953,fAulAsc177,SAN23001027,M,F2,202204,Sonya6600_SEL30M35,4,,69.8,6,5.5,NA,1,,/rds/project/rds-8b3VcZwY7rY/projects/cichlid/alignments/DURB_000013-LabCichlids/X_AsAc/AA190/fAstCal1.2/2021cicX13178953.mem.crumble.cram
AA191,N/A,2021cicX13178954,fAulAsc188,SAN23001028,M,F2,202204,Sonya6600_SEL30M35,4,,75.9,5,5,NA,0,,/rds/project/rds-8b3VcZwY7rY/projects/cichlid/alignments/DURB_000013-LabCichlids/X_AsAc/AA191/fAstCal1.2/2021cicX13178954.mem.crumble.cram
AA192,N/A,2021cicX13178955,fAulAsc199,SAN23001029,M,F2,202204,Sonya6600_SEL30M35,4,,77.9,8,7,NA,0,,/rds/project/rds-8b3VcZwY7rY/projects/cichlid/alignments/DURB_000013-LabCichlids/X_AsAc/AA192/fAstCal1.2/2021cicX13178955.mem.crumble.cram
AA193,N/A,2021cicX13178956,fAulAsc210,SAN23001030,M,F2,202204,Sonya6600_SEL30M35,4,,75.7,7,6,NA,1,,/rds/project/rds-8b3VcZwY7rY/projects/cichlid/alignments/DURB_000013-LabCichlids/X_AsAc/AA193/fAstCal1.2/2021cicX13178956.mem.crumble.cram
AA194,N/A,2021cicX13178957,fAulAsc221,SAN23001031,M,F3,202208,Sonya6600_SEL30M35,4,,82.5,2,2,NA,0,,/rds/project/rds-8b3VcZwY7rY/projects/cichlid/alignments/DURB_000013-LabCichlids/X_AsAc/AA194/fAstCal1.2/2021cicX13178957.mem.crumble.cram
AA195,N/A,2021cicX13178958,fAulAsc231,SAN23001032,M,F3,202208,Sonya6600_SEL30M35,4,,76.7,1,1,NA,0,,/rds/project/rds-8b3VcZwY7rY/projects/cichlid/alignments/DURB_000013-LabCichlids/X_AsAc/AA195/fAstCal1.2/2021cicX13178958.mem.crumble.cram
AA196,N/A,2021cicX13178959,fAulAsc241,SAN23001033,M,F3,202208,Sonya6600_SEL30M35,4,,67.3,2,2,NA,0,,/rds/project/rds-8b3VcZwY7rY/projects/cichlid/alignments/DURB_000013-LabCichlids/X_AsAc/AA196/fAstCal1.2/2021cicX13178959.mem.crumble.cram
AA197,N/A,2021cicX13178960,fAulAsc167,SAN23001034,M,F3,202208,Sonya6600_SEL30M35,4,,73.9,4,4,NA,0,,/rds/project/rds-8b3VcZwY7rY/projects/cichlid/alignments/DURB_000013-LabCichlids/X_AsAc/AA197/fAstCal1.2/2021cicX13178960.mem.crumble.cram
AA198,N/A,2021cicX13178961,fAulAsc178,SAN23001035,M,F3,202208,Sonya6600_SEL30M35,4,,71.4,9,8.5,NA,0,,/rds/project/rds-8b3VcZwY7rY/projects/cichlid/alignments/DURB_000013-LabCichlids/X_AsAc/AA198/fAstCal1.2/2021cicX13178961.mem.crumble.cram
AA199,N/A,2021cicX13178962,fAulAsc189,SAN23001036,M,F3,202208,Sonya6600_SEL30M35,4,,69.5,4,3.5,0,0,,/rds/project/rds-8b3VcZwY7rY/projects/cichlid/alignments/DURB_000013-LabCichlids/X_AsAc/AA199/fAstCal1.2/2021cicX13178962.mem.crumble.cram
AA200,N/A,2021cicX13178963,fAulAsc200,SAN23001037,M,F3,202208,Sonya6600_SEL30M35,4,,72.3,5,4,0,NA,,/rds/project/rds-8b3VcZwY7rY/projects/cichlid/alignments/DURB_000013-LabCichlids/X_AsAc/AA200/fAstCal1.2/2021cicX13178963.mem.crumble.cram
AA201,N/A,2021cicX13178964,fAulAsc211,SAN23001038,M,F3,202208,Sonya6600_SEL30M35,4,,70.7,3,3,NA,NA,,/rds/project/rds-8b3VcZwY7rY/projects/cichlid/alignments/DURB_000013-LabCichlids/X_AsAc/AA201/fAstCal1.2/2021cicX13178964.mem.crumble.cram
AA202,N/A,2021cicX13178965,fAulAsc222,SAN23001039,M,F3,202208,Sonya6600_SEL30M35,4,,70.1,6,6,NA,0,,/rds/project/rds-8b3VcZwY7rY/projects/cichlid/alignments/DURB_000013-LabCichlids/X_AsAc/AA202/fAstCal1.2/2021cicX13178965.mem.crumble.cram
AA203,N/A,2021cicX13178966,fAulAsc232,SAN23001040,M,F3,202208,Sonya6600_SEL30M35,4,,67.2,8,7.5,NA,NA,,/rds/project/rds-8b3VcZwY7rY/projects/cichlid/alignments/DURB_000013-LabCichlids/X_AsAc/AA203/fAstCal1.2/2021cicX13178966.mem.crumble.cram
AA204,N/A,2021cicX13178967,fAulAsc242,SAN23001041,M,F3,202208,Sonya6600_SEL30M35,4,,68.2,5,5,NA,0,,/rds/project/rds-8b3VcZwY7rY/projects/cichlid/alignments/DURB_000013-LabCichlids/X_AsAc/AA204/fAstCal1.2/2021cicX13178967.mem.crumble.cram
AA205,N/A,2021cicX13178968,fAulAsc168,SAN23001042,M,F3,202208,Sonya6600_SEL30M35,4,,70.5,5,5,NA,0,,/rds/project/rds-8b3VcZwY7rY/projects/cichlid/alignments/DURB_000013-LabCichlids/X_AsAc/AA205/fAstCal1.2/2021cicX13178968.mem.crumble.cram
AA206,N/A,2021cicX13178969,fAulAsc179,SAN23001043,M,F3,202208,Sonya6600_SEL30M35,4,,70,8,7.5,1,1,,/rds/project/rds-8b3VcZwY7rY/projects/cichlid/alignments/DURB_000013-LabCichlids/X_AsAc/AA206/fAstCal1.2/2021cicX13178969.mem.crumble.cram
AA207,N/A,2021cicX13178970,fAulAsc190,SAN23001044,M,F3,202208,Sonya6600_SEL30M35,4,,70.3,6,6,NA,0,,/rds/project/rds-8b3VcZwY7rY/projects/cichlid/alignments/DURB_000013-LabCichlids/X_AsAc/AA207/fAstCal1.2/2021cicX13178970.mem.crumble.cram
AA208,N/A,2021cicX13178971,fAulAsc201,SAN23001045,M,F3,202208,Sonya6600_SEL30M35,4,,69,8,8,NA,1,,/rds/project/rds-8b3VcZwY7rY/projects/cichlid/alignments/DURB_000013-LabCichlids/X_AsAc/AA208/fAstCal1.2/2021cicX13178971.mem.crumble.cram
AA209,N/A,2021cicX13178972,fAulAsc212,SAN23001046,M,F3,202208,Sonya6600_SEL30M35,4,,73.4,2,2,0,0,,/rds/project/rds-8b3VcZwY7rY/projects/cichlid/alignments/DURB_000013-LabCichlids/X_AsAc/AA209/fAstCal1.2/2021cicX13178972.mem.crumble.cram
AA210,N/A,2021cicX13178973,fAulAsc223,SAN23001047,M,F3,202208,Sonya6600_SEL30M35,4,,70.2,5,5,NA,0,,/rds/project/rds-8b3VcZwY7rY/projects/cichlid/alignments/DURB_000013-LabCichlids/X_AsAc/AA210/fAstCal1.2/2021cicX13178973.mem.crumble.cram
AA211,N/A,2021cicX13178974,fAulAsc233,SAN23001048,M,F3,202208,Sonya6600_SEL30M35,4,,72.4,3,3,0,0,,/rds/project/rds-8b3VcZwY7rY/projects/cichlid/alignments/DURB_000013-LabCichlids/X_AsAc/AA211/fAstCal1.2/2021cicX13178974.mem.crumble.cram
AA212,N/A,2021cicX13178975,fAulAsc243,SAN23001049,M,F3,202208,Sonya6600_SEL30M35,4,,70.1,5,4.5,0,0,,/rds/project/rds-8b3VcZwY7rY/projects/cichlid/alignments/DURB_000013-LabCichlids/X_AsAc/AA212/fAstCal1.2/2021cicX13178975.mem.crumble.cram
AA213,N/A,2021cicX13178976,fAulAsc169,SAN23001050,M,F3,202208,Sonya6600_SEL30M35,4,,68.8,3,3,0,NA,,/rds/project/rds-8b3VcZwY7rY/projects/cichlid/alignments/DURB_000013-LabCichlids/X_AsAc/AA213/fAstCal1.2/2021cicX13178976.mem.crumble.cram
AA214,N/A,2021cicX13178977,fAulAsc180,SAN23001051,M,F3,202208,Sonya6600_SEL30M35,4,,71.3,4,4,NA,0,,/rds/project/rds-8b3VcZwY7rY/projects/cichlid/alignments/DURB_000013-LabCichlids/X_AsAc/AA214/fAstCal1.2/2021cicX13178977.mem.crumble.cram
AA215,N/A,2021cicX13178978,fAulAsc191,SAN23001052,M,F3,202208,Sonya6600_SEL30M35,4,,70.2,4,4,NA,0,,/rds/project/rds-8b3VcZwY7rY/projects/cichlid/alignments/DURB_000013-LabCichlids/X_AsAc/AA215/fAstCal1.2/2021cicX13178978.mem.crumble.cram
AA216,N/A,2021cicX13178979,fAulAsc202,SAN23001053,M,F3,202208,Sonya6600_SEL30M35,4,,68,3,2,NA,0,,/rds/project/rds-8b3VcZwY7rY/projects/cichlid/alignments/DURB_000013-LabCichlids/X_AsAc/AA216/fAstCal1.2/2021cicX13178979.mem.crumble.cram
AA217,N/A,2021cicX13178980,fAulAsc213,SAN23001054,M,F3,202208,Sonya6600_SEL30M35,4,,65.6,4,4,NA,0,,/rds/project/rds-8b3VcZwY7rY/projects/cichlid/alignments/DURB_000013-LabCichlids/X_AsAc/AA217/fAstCal1.2/2021cicX13178980.mem.crumble.cram
AA218,N/A,2021cicX13178981,fAulAsc224,SAN23001055,M,F3,202208,Sonya6600_SEL30M35,4,,65.2,7,6.5,NA,0,,/rds/project/rds-8b3VcZwY7rY/projects/cichlid/alignments/DURB_000013-LabCichlids/X_AsAc/AA218/fAstCal1.2/2021cicX13178981.mem.crumble.cram
AA219,N/A,2021cicX13178982,fAulAsc234,SAN23001056,M,F3,202208,Sonya6600_SEL30M35,4,,70.9,7,7,1,0,,/rds/project/rds-8b3VcZwY7rY/projects/cichlid/alignments/DURB_000013-LabCichlids/X_AsAc/AA219/fAstCal1.2/2021cicX13178982.mem.crumble.cram
AA220,N/A,2021cicX13178983,fAulAsc244,SAN23001057,M,F3,202208,Sonya6600_SEL30M35,4,,71.6,4,4,NA,0,,/rds/project/rds-8b3VcZwY7rY/projects/cichlid/alignments/DURB_000013-LabCichlids/X_AsAc/AA220/fAstCal1.2/2021cicX13178983.mem.crumble.cram
AA221,N/A,2021cicX13178984,fAulAsc160,SAN23001058,M,F3,202208,Sonya6600_SEL30M35,4,,66.9,6,6,NA,0,,/rds/project/rds-8b3VcZwY7rY/projects/cichlid/alignments/DURB_000013-LabCichlids/X_AsAc/AA221/fAstCal1.2/2021cicX13178984.mem.crumble.cram
AA222,N/A,2021cicX13178985,fAulAsc171,SAN23001059,M,F3,202208,Sonya6600_SEL30M35,4,,63,4,4,NA,0,,/rds/project/rds-8b3VcZwY7rY/projects/cichlid/alignments/DURB_000013-LabCichlids/X_AsAc/AA222/fAstCal1.2/2021cicX13178985.mem.crumble.cram
AA223,N/A,2021cicX13178986,fAulAsc182,SAN23001060,M,F3,202208,Sonya6600_SEL30M35,4,,63.1,3,2.5,0,0,,/rds/project/rds-8b3VcZwY7rY/projects/cichlid/alignments/DURB_000013-LabCichlids/X_AsAc/AA223/fAstCal1.2/2021cicX13178986.mem.crumble.cram
AA224,N/A,2021cicX13178987,fAulAsc193,SAN23001061,M,F3,202208,Sonya6600_SEL30M35,4,,63.3,4,4,0,0,,/rds/project/rds-8b3VcZwY7rY/projects/cichlid/alignments/DURB_000013-LabCichlids/X_AsAc/AA224/fAstCal1.2/2021cicX13178987.mem.crumble.cram
AA225,N/A,2021cicX13178988,fAulAsc204,SAN23001062,M,F3,202208,Sonya6600_SEL30M35,4,,64.5,4,3.5,NA,0,,/rds/project/rds-8b3VcZwY7rY/projects/cichlid/alignments/DURB_000013-LabCichlids/X_AsAc/AA225/fAstCal1.2/2021cicX13178988.mem.crumble.cram
AA226,N/A,2021cicX13178989,fAulAsc215,SAN23001063,M,F3,202208,Sonya6600_SEL30M35,4,,61.5,5,5,NA,1,,/rds/project/rds-8b3VcZwY7rY/projects/cichlid/alignments/DURB_000013-LabCichlids/X_AsAc/AA226/fAstCal1.2/2021cicX13178989.mem.crumble.cram
AA227,N/A,2021cicX13178990,fAulAsc226,SAN23001064,M,F3,202208,Sonya6600_SEL30M35,4,,66.1,3,3,0,0,,/rds/project/rds-8b3VcZwY7rY/projects/cichlid/alignments/DURB_000013-LabCichlids/X_AsAc/AA227/fAstCal1.2/2021cicX13178990.mem.crumble.cram
AA228,N/A,2021cicX13178991,fAulAsc236,SAN23001065,M,F3,202208,Sonya6600_SEL30M35,4,,64.5,9,6.5,NA,1,,/rds/project/rds-8b3VcZwY7rY/projects/cichlid/alignments/DURB_000013-LabCichlids/X_AsAc/AA228/fAstCal1.2/2021cicX13178991.mem.crumble.cram
AA229,N/A,2021cicX13178992,fAulAsc161,SAN23001066,M,F3,202208,Sonya6600_SEL30M35,4,,65.9,10,9.5,1,1,,/rds/project/rds-8b3VcZwY7rY/projects/cichlid/alignments/DURB_000013-LabCichlids/X_AsAc/AA229/fAstCal1.2/2021cicX13178992.mem.crumble.cram
AA230,N/A,2021cicX13178993,fAulAsc172,SAN23001067,M,F3,202208,Sonya6600_SEL30M35,4,,64.2,3,3,0,0,,/rds/project/rds-8b3VcZwY7rY/projects/cichlid/alignments/DURB_000013-LabCichlids/X_AsAc/AA230/fAstCal1.2/2021cicX13178993.mem.crumble.cram
AA231,N/A,2021cicX13178994,fAulAsc183,SAN23001068,M,F3,202208,Sonya6600_SEL30M35,4,,67.9,4,4,NA,0,,/rds/project/rds-8b3VcZwY7rY/projects/cichlid/alignments/DURB_000013-LabCichlids/X_AsAc/AA231/fAstCal1.2/2021cicX13178994.mem.crumble.cram
AA232,N/A,2021cicX13178995,fAulAsc194,SAN23001069,M,F3,202208,Sonya6600_SEL30M35,4,,64.1,4,4,NA,0,,/rds/project/rds-8b3VcZwY7rY/projects/cichlid/alignments/DURB_000013-LabCichlids/X_AsAc/AA232/fAstCal1.2/2021cicX13178995.mem.crumble.cram
AA233,N/A,2021cicX13178996,fAulAsc205,SAN23001070,M,F3,202208,Sonya6600_SEL30M35,4,,67.2,2,2,0,0,,/rds/project/rds-8b3VcZwY7rY/projects/cichlid/alignments/DURB_000013-LabCichlids/X_AsAc/AA233/fAstCal1.2/2021cicX13178996.mem.crumble.cram
AA234,N/A,2021cicX13178997,fAulAsc216,SAN23001071,M,F3,202208,Sonya6600_SEL30M35,4,,74.1,5,4,NA,0,,/rds/project/rds-8b3VcZwY7rY/projects/cichlid/alignments/DURB_000013-LabCichlids/X_AsAc/AA234/fAstCal1.2/2021cicX13178997.mem.crumble.cram
AA235,N/A,2021cicX13611510,fAulAsc248,SAN23001838,M,F3,202301,Sonya6600_SEL30M35,4,,75.7,3,3,NA,0,,/rds/project/rds-8b3VcZwY7rY/projects/cichlid/alignments/DURB_000017-LabCichlids/X_AsAc/AA235/fAstCal1.2/2021cicX13611510.mem.crumble.cram
AA236,N/A,2021cicX13611511,fAulAsc249,SAN23001839,M,F3,202301,Sonya6600_SEL30M35,4,,72.5,3,3,0,0,,/rds/project/rds-8b3VcZwY7rY/projects/cichlid/alignments/DURB_000017-LabCichlids/X_AsAc/AA236/fAstCal1.2/2021cicX13611511.mem.crumble.cram
AA237,N/A,2021cicX13611512,fAulAsc250,SAN23001840,M,F3,202301,Sonya6600_SEL30M35,4,,72.1,3,3,0,0,,/rds/project/rds-8b3VcZwY7rY/projects/cichlid/alignments/DURB_000017-LabCichlids/X_AsAc/AA237/fAstCal1.2/2021cicX13611512.mem.crumble.cram
AA238,N/A,2021cicX13611513,fAulAsc251,SAN23001841,M,F3,202301,Sonya6600_SEL30M35,4,,67.2,5,4,NA,0,,/rds/project/rds-8b3VcZwY7rY/projects/cichlid/alignments/DURB_000017-LabCichlids/X_AsAc/AA238/fAstCal1.2/2021cicX13611513.mem.crumble.cram
AA239,N/A,2021cicX13611514,fAulAsc245,SAN23001842,M,F3,202301,Sonya6600_SEL30M35,4,,65.1,3,3,NA,0,,/rds/project/rds-8b3VcZwY7rY/projects/cichlid/alignments/DURB_000017-LabCichlids/X_AsAc/AA239/fAstCal1.2/2021cicX13611514.mem.crumble.cram
AA240,N/A,2021cicX13611515,fAulAsc246,SAN23001843,M,F3,202301,Sonya6600_SEL30M35,4,,70.3,4,4,0,0,,/rds/project/rds-8b3VcZwY7rY/projects/cichlid/alignments/DURB_000017-LabCichlids/X_AsAc/AA240/fAstCal1.2/2021cicX13611515.mem.crumble.cram
AA241,N/A,2021cicX13611516,fAulAsc247,SAN23001844,M,F3,202301,Sonya6600_SEL30M35,4,,67.7,4,4,NA,NA,,/rds/project/rds-8b3VcZwY7rY/projects/cichlid/alignments/DURB_000017-LabCichlids/X_AsAc/AA241/fAstCal1.2/2021cicX13611516.mem.crumble.cram
AA242,N/A,2021cicX13611517,fAulAsc252,SAN23001845,M,F3,202301,Sonya6600_SEL30M35,4,,74.8,6,5.5,NA,0,,/rds/project/rds-8b3VcZwY7rY/projects/cichlid/alignments/DURB_000017-LabCichlids/X_AsAc/AA242/fAstCal1.2/2021cicX13611517.mem.crumble.cram
AA243,N/A,2021cicX13611518,fAulAsc262,SAN23001846,M,F3,202301,Sonya6600_SEL30M35,4,,75.4,5,5,NA,0,,/rds/project/rds-8b3VcZwY7rY/projects/cichlid/alignments/DURB_000017-LabCichlids/X_AsAc/AA243/fAstCal1.2/2021cicX13611518.mem.crumble.cram
AA244,N/A,2021cicX13611519,fAulAsc265,SAN23001847,M,F3,202301,Sonya6600_SEL30M35,4,,74.7,6,6,NA,0,,/rds/project/rds-8b3VcZwY7rY/projects/cichlid/alignments/DURB_000017-LabCichlids/X_AsAc/AA244/fAstCal1.2/2021cicX13611519.mem.crumble.cram
AA245,N/A,2021cicX13611520,fAulAsc268,SAN23001848,M,F3,202301,Sonya6600_SEL30M35,4,,76.2,3,3,0,0,,/rds/project/rds-8b3VcZwY7rY/projects/cichlid/alignments/DURB_000017-LabCichlids/X_AsAc/AA245/fAstCal1.2/2021cicX13611520.mem.crumble.cram
AA246,N/A,2021cicX13611521,fAulAsc271,SAN23001849,M,F3,202301,Sonya6600_SEL30M35,4,,72.9,6,4.5,NA,0,,/rds/project/rds-8b3VcZwY7rY/projects/cichlid/alignments/DURB_000017-LabCichlids/X_AsAc/AA246/fAstCal1.2/2021cicX13611521.mem.crumble.cram
AA247,N/A,2021cicX13611522,fAulAsc254,SAN23001850,M,F3,202301,Sonya6600_SEL30M35,4,,68.7,3,3,0,0,,/rds/project/rds-8b3VcZwY7rY/projects/cichlid/alignments/DURB_000017-LabCichlids/X_AsAc/AA247/fAstCal1.2/2021cicX13611522.mem.crumble.cram
AA248,N/A,2021cicX13611523,fAulAsc256,SAN23001851,M,F3,202301,Sonya6600_SEL30M35,4,,69.8,10,8.5,NA,NA,,/rds/project/rds-8b3VcZwY7rY/projects/cichlid/alignments/DURB_000017-LabCichlids/X_AsAc/AA248/fAstCal1.2/2021cicX13611523.mem.crumble.cram
AA249,N/A,2021cicX13611524,fAulAsc258,SAN23001852,M,F3,202301,Sonya6600_SEL30M35,4,,75.8,4,4,0,0,,/rds/project/rds-8b3VcZwY7rY/projects/cichlid/alignments/DURB_000017-LabCichlids/X_AsAc/AA249/fAstCal1.2/2021cicX13611524.mem.crumble.cram
AA250,N/A,2021cicX13611525,fAulAsc260,SAN23001853,M,F3,202301,Sonya6600_SEL30M35,4,,72.1,3,3,0,0,,/rds/project/rds-8b3VcZwY7rY/projects/cichlid/alignments/DURB_000017-LabCichlids/X_AsAc/AA250/fAstCal1.2/2021cicX13611525.mem.crumble.cram
AA251,N/A,2021cicX13611526,fAulAsc263,SAN23001854,M,F3,202301,Sonya6600_SEL30M35,4,,77.1,8,8,1,0,,/rds/project/rds-8b3VcZwY7rY/projects/cichlid/alignments/DURB_000017-LabCichlids/X_AsAc/AA251/fAstCal1.2/2021cicX13611526.mem.crumble.cram
AA252,N/A,2021cicX13611527,fAulAsc266,SAN23001855,M,F3,202301,Sonya6600_SEL30M35,4,,66.6,5,5,NA,0,,/rds/project/rds-8b3VcZwY7rY/projects/cichlid/alignments/DURB_000017-LabCichlids/X_AsAc/AA252/fAstCal1.2/2021cicX13611527.mem.crumble.cram
AA253,N/A,2021cicX13611528,fAulAsc269,SAN23001856,M,F3,202301,Sonya6600_SEL30M35,4,,68.6,3,3,0,0,,/rds/project/rds-8b3VcZwY7rY/projects/cichlid/alignments/DURB_000017-LabCichlids/X_AsAc/AA253/fAstCal1.2/2021cicX13611528.mem.crumble.cram
AA254,N/A,2021cicX13611529,fAulAsc272,SAN23001857,M,F3,202301,Sonya6600_SEL30M35,4,,70.3,3,3,NA,0,,/rds/project/rds-8b3VcZwY7rY/projects/cichlid/alignments/DURB_000017-LabCichlids/X_AsAc/AA254/fAstCal1.2/2021cicX13611529.mem.crumble.cram
AA255,N/A,2021cicX13611530,fAulAsc253,SAN23001858,M,F3,202301,Sonya6600_SEL30M35,4,,70.6,3,3,NA,0,,/rds/project/rds-8b3VcZwY7rY/projects/cichlid/alignments/DURB_000017-LabCichlids/X_AsAc/AA255/fAstCal1.2/2021cicX13611530.mem.crumble.cram
AA256,N/A,2021cicX13611531,fAulAsc255,SAN23001859,M,F3,202301,Sonya6600_SEL30M35,4,,77.9,2,2,NA,0,,/rds/project/rds-8b3VcZwY7rY/projects/cichlid/alignments/DURB_000017-LabCichlids/X_AsAc/AA256/fAstCal1.2/2021cicX13611531.mem.crumble.cram
AA257,N/A,2021cicX13611532,fAulAsc257,SAN23001860,M,F3,202301,Sonya6600_SEL30M35,4,,69.7,4,4,NA,0,,/rds/project/rds-8b3VcZwY7rY/projects/cichlid/alignments/DURB_000017-LabCichlids/X_AsAc/AA257/fAstCal1.2/2021cicX13611532.mem.crumble.cram
AA258,N/A,2021cicX13611533,fAulAsc259,SAN23001861,M,F3,202301,Sonya6600_SEL30M35,4,,72.4,4,4,NA,0,,/rds/project/rds-8b3VcZwY7rY/projects/cichlid/alignments/DURB_000017-LabCichlids/X_AsAc/AA258/fAstCal1.2/2021cicX13611533.mem.crumble.cram
AA259,N/A,2021cicX13611534,fAulAsc261,SAN23001862,M,F3,202301,Sonya6600_SEL30M35,4,,73.9,4,4,0,0,,/rds/project/rds-8b3VcZwY7rY/projects/cichlid/alignments/DURB_000017-LabCichlids/X_AsAc/AA259/fAstCal1.2/2021cicX13611534.mem.crumble.cram
AA260,N/A,2021cicX13611535,fAulAsc264,SAN23001863,M,F3,202301,Sonya6600_SEL30M35,4,,68.8,4,3.5,0,0,,/rds/project/rds-8b3VcZwY7rY/projects/cichlid/alignments/DURB_000017-LabCichlids/X_AsAc/AA260/fAstCal1.2/2021cicX13611535.mem.crumble.cram
AA261,N/A,2021cicX13611536,fAulAsc267,SAN23001864,M,F3,202301,Sonya6600_SEL30M35,4,,74.8,3,3,NA,0,,/rds/project/rds-8b3VcZwY7rY/projects/cichlid/alignments/DURB_000017-LabCichlids/X_AsAc/AA261/fAstCal1.2/2021cicX13611536.mem.crumble.cram
AA262,N/A,2021cicX13611537,fAulAsc270,SAN23001865,M,F3,202301,Sonya6600_SEL30M35,4,,77,7,7,1,0,,/rds/project/rds-8b3VcZwY7rY/projects/cichlid/alignments/DURB_000017-LabCichlids/X_AsAc/AA262/fAstCal1.2/2021cicX13611537.mem.crumble.cram
AA263,N/A,2021cicX13611538,fAulAsc273,SAN23001866,M,F3,202301,Sonya6600_SEL30M35,4,,65.7,3,2.5,NA,0,,/rds/project/rds-8b3VcZwY7rY/projects/cichlid/alignments/DURB_000017-LabCichlids/X_AsAc/AA263/fAstCal1.2/2021cicX13611538.mem.crumble.cram
AA264,N/A,2021cicX13611539,fAulAsc275,SAN23001867,M,F3,202301,Sonya6600_SEL30M35,4,,66.6,5,4,NA,NA,,/rds/project/rds-8b3VcZwY7rY/projects/cichlid/alignments/DURB_000017-LabCichlids/X_AsAc/AA264/fAstCal1.2/2021cicX13611539.mem.crumble.cram
AA265,N/A,2021cicX13611540,fAulAsc277,SAN23001868,M,F3,202301,Sonya6600_SEL30M35,4,,69.1,2,2,NA,0,,/rds/project/rds-8b3VcZwY7rY/projects/cichlid/alignments/DURB_000017-LabCichlids/X_AsAc/AA265/fAstCal1.2/2021cicX13611540.mem.crumble.cram
AA266,N/A,2021cicX13611541,fAulAsc279,SAN23001869,M,F3,202301,Sonya6600_SEL30M35,4,,62.4,8,6.5,NA,1,,/rds/project/rds-8b3VcZwY7rY/projects/cichlid/alignments/DURB_000017-LabCichlids/X_AsAc/AA266/fAstCal1.2/2021cicX13611541.mem.crumble.cram
AA267,N/A,2021cicX13611542,fAulAsc281,SAN23001870,M,F3,202301,Sonya6600_SEL30M35,4,,66.5,8,7.5,1,1,,/rds/project/rds-8b3VcZwY7rY/projects/cichlid/alignments/DURB_000017-LabCichlids/X_AsAc/AA267/fAstCal1.2/2021cicX13611542.mem.crumble.cram
AA268,N/A,2021cicX13611543,fAulAsc283,SAN23001871,M,F3,202301,Sonya6600_SEL30M35,4,,69.1,4,4,NA,0,,/rds/project/rds-8b3VcZwY7rY/projects/cichlid/alignments/DURB_000017-LabCichlids/X_AsAc/AA268/fAstCal1.2/2021cicX13611543.mem.crumble.cram
AA269,N/A,2021cicX13611544,fAulAsc285,SAN23001872,M,F3,202301,Sonya6600_SEL30M35,4,,66.6,4,4,NA,0,,/rds/project/rds-8b3VcZwY7rY/projects/cichlid/alignments/DURB_000017-LabCichlids/X_AsAc/AA269/fAstCal1.2/2021cicX13611544.mem.crumble.cram
AA270,N/A,2021cicX13611545,fAulAsc287,SAN23001873,M,F3,202301,Sonya6600_SEL30M35,4,,65.8,5,4.5,NA,1,,/rds/project/rds-8b3VcZwY7rY/projects/cichlid/alignments/DURB_000017-LabCichlids/X_AsAc/AA270/fAstCal1.2/2021cicX13611545.mem.crumble.cram
AA271,N/A,2021cicX13611546,fAulAsc274,SAN23001874,M,F3,202301,Sonya6600_SEL30M35,4,,64.4,5,4,NA,0,,/rds/project/rds-8b3VcZwY7rY/projects/cichlid/alignments/DURB_000017-LabCichlids/X_AsAc/AA271/fAstCal1.2/2021cicX13611546.mem.crumble.cram
AA272,N/A,2021cicX13611547,fAulAsc276,SAN23001875,M,F3,202301,Sonya6600_SEL30M35,4,,71.6,9,8.5,1,0,,/rds/project/rds-8b3VcZwY7rY/projects/cichlid/alignments/DURB_000017-LabCichlids/X_AsAc/AA272/fAstCal1.2/2021cicX13611547.mem.crumble.cram
AA273,N/A,2021cicX13611548,fAulAsc278,SAN23001876,M,F3,202301,Sonya6600_SEL30M35,4,,64.2,3,3,0,0,,/rds/project/rds-8b3VcZwY7rY/projects/cichlid/alignments/DURB_000017-LabCichlids/X_AsAc/AA273/fAstCal1.2/2021cicX13611548.mem.crumble.cram
AA274,N/A,2021cicX13611549,fAulAsc280,SAN23001877,M,F3,202301,Sonya6600_SEL30M35,4,,69.4,2,2,NA,0,,/rds/project/rds-8b3VcZwY7rY/projects/cichlid/alignments/DURB_000017-LabCichlids/X_AsAc/AA274/fAstCal1.2/2021cicX13611549.mem.crumble.cram
AA275,N/A,2021cicX13611550,fAulAsc282,SAN23001878,M,F3,202301,Sonya6600_SEL30M35,4,,66.3,3,1.5,NA,0,only two half spots,/rds/project/rds-8b3VcZwY7rY/projects/cichlid/alignments/DURB_000017-LabCichlids/X_AsAc/AA275/fAstCal1.2/2021cicX13611550.mem.crumble.cram
AA276,N/A,2021cicX13611551,fAulAsc284,SAN23001879,M,F3,202301,Sonya6600_SEL30M35,4,,67.4,3,3,NA,0,,/rds/project/rds-8b3VcZwY7rY/projects/cichlid/alignments/DURB_000017-LabCichlids/X_AsAc/AA276/fAstCal1.2/2021cicX13611551.mem.crumble.cram
AA277,N/A,2021cicX13611552,fAulAsc286,SAN23001880,M,F3,202301,Sonya6600_SEL30M35,4,,69.9,3,2.5,0,1,,/rds/project/rds-8b3VcZwY7rY/projects/cichlid/alignments/DURB_000017-LabCichlids/X_AsAc/AA277/fAstCal1.2/2021cicX13611552.mem.crumble.cram
AA278,N/A,2021cicX13611553,fAulAsc288,SAN23001881,M,F3,202301,Sonya6600_SEL30M35,4,,68.6,3,2.5,0,0,,/rds/project/rds-8b3VcZwY7rY/projects/cichlid/alignments/DURB_000017-LabCichlids/X_AsAc/AA278/fAstCal1.2/2021cicX13611553.mem.crumble.cram
AA279,N/A,2021cicX14537360,fAulAsc289,SAN23002450,M,F3,202309,Sonya6600_SEL30M35,4,,76.5,5,4,NA,0,,/rds/project/rds-8b3VcZwY7rY/projects/cichlid/alignments/DURB_000022-LabCichlids/X_AsAc/AA279/fAstCal1.2/2021cicX14537360.mem.crumble.cram
AA280,N/A,2021cicX14537361,fAulAsc290,SAN23002451,M,F3,202309,Sonya6600_SEL30M35,4,,72.2,4,3.5,NA,0,,/rds/project/rds-8b3VcZwY7rY/projects/cichlid/alignments/DURB_000022-LabCichlids/X_AsAc/AA280/fAstCal1.2/2021cicX14537361.mem.crumble.cram
AA281,N/A,2021cicX14537362,fAulAsc291,SAN23002452,M,F3,202309,Sonya6600_SEL30M35,4,,73.9,6,5.5,NA,0,,/rds/project/rds-8b3VcZwY7rY/projects/cichlid/alignments/DURB_000022-LabCichlids/X_AsAc/AA281/fAstCal1.2/2021cicX14537362.mem.crumble.cram
AA282,N/A,2021cicX14537363,fAulAsc293,SAN23002453,M,F3,202309,Sonya6600_SEL30M35,4,,75.6,2,2,0,0,,/rds/project/rds-8b3VcZwY7rY/projects/cichlid/alignments/DURB_000022-LabCichlids/X_AsAc/AA282/fAstCal1.2/2021cicX14537363.mem.crumble.cram
AA283,N/A,2021cicX14537364,fAulAsc295,SAN23002454,M,F3,202309,Sonya6600_SEL30M35,4,,81.1,3,3,NA,0,,/rds/project/rds-8b3VcZwY7rY/projects/cichlid/alignments/DURB_000022-LabCichlids/X_AsAc/AA283/fAstCal1.2/2021cicX14537364.mem.crumble.cram
AA284,N/A,2021cicX14537365,fAulAsc296,SAN23002455,M,F3,202309,Sonya6600_SEL30M35,4,,70,6,5,1,0,,/rds/project/rds-8b3VcZwY7rY/projects/cichlid/alignments/DURB_000022-LabCichlids/X_AsAc/AA284/fAstCal1.2/2021cicX14537365.mem.crumble.cram
AA285,N/A,2021cicX14537366,fAulAsc297,SAN23002456,M,F3,202309,Sonya6600_SEL30M35,4,,77.7,4,4,0,0,,/rds/project/rds-8b3VcZwY7rY/projects/cichlid/alignments/DURB_000022-LabCichlids/X_AsAc/AA285/fAstCal1.2/2021cicX14537366.mem.crumble.cram
AA286,N/A,2021cicX14537367,fAulAsc298,SAN23002457,M,F3,202309,Sonya6600_SEL30M35,4,,70.4,7,7,1,NA,,/rds/project/rds-8b3VcZwY7rY/projects/cichlid/alignments/DURB_000022-LabCichlids/X_AsAc/AA286/fAstCal1.2/2021cicX14537367.mem.crumble.cram
AA287,N/A,2021cicX14537368,fAulAsc299,SAN23002458,M,F3,202309,Sonya6600_SEL30M35,4,,66.2,2,1.5,NA,0,,/rds/project/rds-8b3VcZwY7rY/projects/cichlid/alignments/DURB_000022-LabCichlids/X_AsAc/AA287/fAstCal1.2/2021cicX14537368.mem.crumble.cram
AA288,N/A,2021cicX14537369,fAulAsc300,SAN23002459,M,F3,202309,Sonya6600_SEL30M35,4,,72.4,5,5,NA,0,,/rds/project/rds-8b3VcZwY7rY/projects/cichlid/alignments/DURB_000022-LabCichlids/X_AsAc/AA288/fAstCal1.2/2021cicX14537369.mem.crumble.cram
AA289,N/A,2021cicX14537370,fAulAsc292,SAN23002460,M,F3,202309,Sonya6600_SEL30M35,4,,70.8,2,1,NA,0,very faint spots could almost be considered spotless,/rds/project/rds-8b3VcZwY7rY/projects/cichlid/alignments/DURB_000022-LabCichlids/X_AsAc/AA289/fAstCal1.2/2021cicX14537370.mem.crumble.cram
AA290,N/A,2021cicX14537371,fAulAsc294,SAN23002461,M,F3,202309,Sonya6600_SEL30M35,4,,75.6,3,2.5,0,0,,/rds/project/rds-8b3VcZwY7rY/projects/cichlid/alignments/DURB_000022-LabCichlids/X_AsAc/AA290/fAstCal1.2/2021cicX14537371.mem.crumble.cram
AA291,N/A,2021cicX14537372,fAulAsc301,SAN23002462,M,F3,202309,Sonya6600_SEL30M35,4,,73.6,7,7,NA,0,,/rds/project/rds-8b3VcZwY7rY/projects/cichlid/alignments/DURB_000022-LabCichlids/X_AsAc/AA291/fAstCal1.2/2021cicX14537372.mem.crumble.cram
AA292,N/A,2021cicX14537373,fAulAsc302,SAN23002463,M,F3,202309,Sonya6600_SEL30M35,4,,73.4,4,4,NA,0,,/rds/project/rds-8b3VcZwY7rY/projects/cichlid/alignments/DURB_000022-LabCichlids/X_AsAc/AA292/fAstCal1.2/2021cicX14537373.mem.crumble.cram
AA293,N/A,2021cicX14537374,fAulAsc303,SAN23002464,M,F3,202309,Sonya6600_SEL30M35,4,,73.5,8,8,NA,0,,/rds/project/rds-8b3VcZwY7rY/projects/cichlid/alignments/DURB_000022-LabCichlids/X_AsAc/AA293/fAstCal1.2/2021cicX14537374.mem.crumble.cram
AA294,N/A,2021cicX14537375,fAulAsc304,SAN23002465,M,F3,202309,Sonya6600_SEL30M35,4,,63,5,5,NA,0,,/rds/project/rds-8b3VcZwY7rY/projects/cichlid/alignments/DURB_000022-LabCichlids/X_AsAc/AA294/fAstCal1.2/2021cicX14537375.mem.crumble.cram
AA295,N/A,2021cicX14537376,fAulAsc305,SAN23002466,M,F3,202309,Sonya6600_SEL30M35,4,,57.6,4,3.5,0,0,,/rds/project/rds-8b3VcZwY7rY/projects/cichlid/alignments/DURB_000022-LabCichlids/X_AsAc/AA295/fAstCal1.2/2021cicX14537376.mem.crumble.cram
AA296,N/A,2021cicX14537377,fAulAsc306,SAN23002467,M,F3,202309,Sonya6600_SEL30M35,4,,66.1,1,0.5,NA,0,very faint spots could almost be considered spotless,/rds/project/rds-8b3VcZwY7rY/projects/cichlid/alignments/DURB_000022-LabCichlids/X_AsAc/AA296/fAstCal1.2/2021cicX14537377.mem.crumble.cram
AA297,N/A,,,,M,F3,202309,Sonya6600_SEL30M35,4,,67.9,2,2,0,0,,
AA298,N/A,,,,M,F3,202309,Sonya6600_SEL30M35,4,,66,6,6,NA,NA,,
AA299,N/A,,,,M,F3,202309,Sonya6600_SEL30M35,4,,69.9,5,5,NA,NA,,
AA300,N/A,,,,M,F3,202309,Sonya6600_SEL30M35,4,,61.7,5,5,NA,0,,
AA301,N/A,,,,M,F3,202309,Sonya6600_SEL30M35,4,,68.6,3,3,NA,0,Two very faint spots,
AA302,N/A,,,,M,F3,202309,Sonya6600_SEL30M35,4,,72.3,1,1,NA,0,single posterior spot - tropheops,
AA303,N/A,,,,M,F3,202309,Sonya6600_SEL30M35,4,,66.3,5,5,0,0,,
AA304,N/A,,,,M,F3,202309,Sonya6600_SEL30M35,4,,67.2,3,3,NA,0,,
AA305,N/A,,,,M,F3,202309,Sonya6600_SEL30M35,4,,69.4,4,4,0,0,,
AA306,N/A,,,,M,F3,202309,Sonya6600_SEL30M35,4,,66.6,4,3.5,0,0,,
AA307,N/A,,,,M,F3,202309,Sonya6600_SEL30M35,4,,65.8,1,1,NA,0,,
AA308,N/A,,,,M,F3,202309,Sonya6600_SEL30M35,4,,79.7,4,3.5,0,0,,
AA309,N/A,,,,M,F3,202309,Sonya6600_SEL30M35,4,,64.5,6,6,NA,1,,
AA310,N/A,,,,M,F3,202309,Sonya6600_SEL30M35,4,,58.7,3,2,NA,0,,
AA311,N/A,,,,M,F3,202309,Sonya6600_SEL30M35,4,,61,3,3,0,0,,
AA312,N/A,,,,M,F3,202309,Sonya6600_SEL30M35,4,,77.2,6,6,NA,0,,
AA313,N/A,,,,M,F3,202309,Sonya6600_SEL30M35,4,,76.8,2,2,0,0,,
AA314,N/A,,,,M,F3,202309,Sonya6600_SEL30M35,4,,71.1,3,2.5,NA,0,,
AA315,N/A,,,,M,F3,202309,Sonya6600_SEL30M35,4,,66.2,4,4,NA,0,,
AA316,N/A,,,,M,F3,202309,Sonya6600_SEL30M35,4,,64,2,2,NA,0,,
AA317,N/A,,,,M,F3,202309,Sonya6600_SEL30M35,4,,65.3,5,5,NA,NA,,
,,,,,,,,,,,,,,,,,
,,,,,,150,,,,,,,,,,,